player_id,team_id,role,player_name,minutes_total,games,shots_total,shots_on,fouls_committed,fouls_drawn,yellow_cards,red_cards,duels_total,duels_won,tackles,dribbles,avg_minutes,shots_total_per90,shots_on_per90,fouls_committed_per90,fouls_drawn_per90,yellow_cards_per90,red_cards_per90,duels_total_per90,duels_won_per90,tackles_per90,dribbles_per90
50132,33,UNK,Altay Bayındır,270.0,3,0.0,0.0,0.0,2.0,0,0,3.0,3.0,0.0,0.0,90.0,0.0,0.0,0.0,0.6666666666666666,0.0,0.0,1.0,1.0,0.0,0.0
157997,33,UNK,Amad Diallo,178.0,3,4.0,3.0,0.0,5.0,0,0,20.0,14.0,6.0,5.0,59.333333333333336,2.0224719101123596,1.5168539325842696,0.0,2.5280898876404496,0.0,0.0,10.112359550561798,7.078651685393258,3.033707865168539,2.5280898876404496
526,33,UNK,André Onana,0.0,0,0.0,0.0,0.0,0.0,0,0,0.0,0.0,0.0,0.0,0.0,0.0,0.0,0.0,0.0,0.0,0.0,0.0,0.0,0.0,0.0
402329,33,UNK,Ayden Heaven,9.0,1,0.0,0.0,0.0,0.0,0,0,2.0,1.0,0.0,0.0,9.0,0.0,0.0,0.0,0.0,0.0,0.0,20.0,10.0,0.0,0.0
115589,33,UNK,Benjamin Šeško,82.0,3,4.0,0.0,3.0,0.0,0,0,11.0,4.0,0.0,0.0,27.333333333333332,4.390243902439025,0.0,3.292682926829268,0.0,0.0,0.0,12.073170731707316,4.390243902439025,0.0,0.0
1485,33,UNK,Bruno Fernandes,270.0,3,4.0,2.0,4.0,7.0,1,0,40.0,22.0,8.0,4.0,90.0,1.3333333333333333,0.6666666666666666,1.3333333333333333,2.3333333333333335,0.3333333333333333,0.0,13.333333333333334,7.333333333333333,2.6666666666666665,1.3333333333333333
20589,33,UNK,Bryan Mbeumo,270.0,3,6.0,4.0,2.0,6.0,0,0,20.0,7.0,0.0,1.0,90.0,2.0,1.3333333333333333,0.6666666666666666,2.0,0.0,0.0,6.666666666666667,2.3333333333333335,0.0,0.3333333333333333
747,33,UNK,Casemiro,190.0,3,1.0,0.0,2.0,3.0,1,0,22.0,13.0,6.0,1.0,63.333333333333336,0.47368421052631576,0.0,0.9473684210526315,1.4210526315789473,0.47368421052631576,0.0,10.421052631578947,6.157894736842105,2.8421052631578947,0.47368421052631576
886,33,UNK,Diogo Dalot,184.0,3,1.0,0.0,1.0,1.0,0,0,15.0,10.0,4.0,5.0,61.333333333333336,0.4891304347826087,0.0,0.4891304347826087,0.4891304347826087,0.0,0.0,7.336956521739131,4.891304347826087,1.9565217391304348,2.4456521739130435
2935,33,UNK,Harry Maguire,20.0,2,1.0,0.0,1.0,0.0,0,0,4.0,2.0,0.0,0.0,10.0,4.5,0.0,4.5,0.0,0.0,0.0,18.0,9.0,0.0,0.0
70100,33,UNK,Joshua Zirkzee,59.0,1,5.0,1.0,0.0,0.0,0,0,6.0,2.0,0.0,0.0,59.0,7.627118644067797,1.5254237288135593,0.0,0.0,0.0,0.0,9.152542372881356,3.0508474576271185,0.0,0.0
284322,33,UNK,Kobbie Mainoo,45.0,1,1.0,0.0,0.0,0.0,0,0,5.0,1.0,1.0,0.0,45.0,2.0,0.0,0.0,0.0,0.0,0.0,10.0,2.0,2.0,0.0
342970,33,UNK,Leny Yoro,262.0,3,2.0,0.0,1.0,0.0,0,0,21.0,14.0,5.0,0.0,87.33333333333333,0.6870229007633588,0.0,0.3435114503816794,0.0,0.0,0.0,7.213740458015267,4.809160305343512,1.717557251908397,0.0
891,33,UNK,Luke Shaw,257.0,3,0.0,0.0,4.0,0.0,0,0,25.0,14.0,7.0,2.0,85.66666666666667,0.0,0.0,1.4007782101167314,0.0,0.0,0.0,8.754863813229573,4.902723735408561,2.4513618677042803,0.7003891050583657
51494,33,UNK,Manuel Ugarte,48.0,2,1.0,0.0,3.0,0.0,0,0,8.0,4.0,3.0,0.0,24.0,1.875,0.0,5.625,0.0,0.0,0.0,15.0,7.5,5.625,0.0
19220,33,UNK,Mason Mount,179.0,3,1.0,0.0,3.0,2.0,0,0,18.0,11.0,5.0,1.0,59.666666666666664,0.5027932960893855,0.0,1.5083798882681565,1.005586592178771,0.0,0.0,9.050279329608939,5.5307262569832405,2.5139664804469275,0.5027932960893855
1165,33,UNK,Matheus Cunha,211.0,3,7.0,5.0,1.0,5.0,0,0,30.0,11.0,2.0,8.0,70.33333333333333,2.985781990521327,2.132701421800948,0.4265402843601896,2.132701421800948,0.0,0.0,12.796208530805687,4.691943127962086,0.8530805687203792,3.4123222748815167
532,33,UNK,Matthijs de Ligt,270.0,3,2.0,1.0,1.0,1.0,0,0,36.0,21.0,3.0,1.0,90.0,0.6666666666666666,0.3333333333333333,0.3333333333333333,0.3333333333333333,0.0,0.0,12.0,7.0,1.0,0.3333333333333333
545,33,UNK,Noussair Mazraoui,17.0,1,0.0,0.0,0.0,0.0,0,0,1.0,1.0,1.0,0.0,17.0,0.0,0.0,0.0,0.0,0.0,0.0,5.294117647058823,5.294117647058823,5.294117647058823,0.0
382452,33,UNK,Patrick Dorgu,180.0,2,2.0,0.0,3.0,6.0,1,0,32.0,17.0,4.0,3.0,90.0,1.0,0.0,1.5,3.0,0.5,0.0,16.0,8.5,2.0,1.5
2931,33,UNK,Tom Heaton,0.0,0,0.0,0.0,0.0,0.0,0,0,0.0,0.0,0.0,0.0,0.0,0.0,0.0,0.0,0.0,0.0,0.0,0.0,0.0,0.0,0.0
328101,33,UNK,Tyler Fredricson,0.0,0,0.0,0.0,0.0,0.0,0,0,0.0,0.0,0.0,0.0,0.0,0.0,0.0,0.0,0.0,0.0,0.0,0.0,0.0,0.0,0.0
20355,34,UNK,Aaron Ramsdale,0.0,0,0.0,0.0,0.0,0.0,0,0,0.0,0.0,0.0,0.0,0.0,0.0,0.0,0.0,0.0,0.0,0.0,0.0,0.0,0.0,0.0
153430,34,UNK,Anthony Elanga,196.0,3,2.0,1.0,0.0,3.0,0,0,17.0,7.0,1.0,4.0,65.33333333333333,0.9183673469387755,0.45918367346938777,0.0,1.3775510204081634,0.0,0.0,7.8061224489795915,3.2142857142857144,0.45918367346938777,1.836734693877551
138787,34,UNK,Anthony Gordon,138.0,2,6.0,3.0,4.0,4.0,0,1,21.0,12.0,0.0,5.0,69.0,3.9130434782608696,1.9565217391304348,2.608695652173913,2.608695652173913,0.0,0.6521739130434783,13.695652173913043,7.826086956521739,0.0,3.260869565217391
10135,34,UNK,Bruno Guimarães,270.0,3,1.0,1.0,9.0,6.0,1,0,44.0,16.0,8.0,6.0,90.0,0.3333333333333333,0.3333333333333333,3.0,2.0,0.3333333333333333,0.0,14.666666666666666,5.333333333333333,2.6666666666666665,2.0
18961,34,UNK,Dan Burn,270.0,3,1.0,0.0,4.0,4.0,1,0,31.0,18.0,2.0,0.0,90.0,0.3333333333333333,0.0,1.3333333333333333,1.3333333333333333,0.3333333333333333,0.0,10.333333333333334,6.0,0.6666666666666666,0.0
2855,34,UNK,Emil Krafth,0.0,0,0.0,0.0,0.0,0.0,0,0,0.0,0.0,0.0,0.0,0.0,0.0,0.0,0.0,0.0,0.0,0.0,0.0,0.0,0.0,0.0
2806,34,UNK,Fabian Schär,261.0,3,4.0,0.0,4.0,2.0,0,0,26.0,16.0,4.0,0.0,87.0,1.3793103448275863,0.0,1.3793103448275863,0.6896551724137931,0.0,0.0,8.96551724137931,5.517241379310345,1.3793103448275863,0.0
18778,34,UNK,Harvey Barnes,188.0,3,1.0,0.0,1.0,3.0,0,0,11.0,5.0,1.0,4.0,62.666666666666664,0.4787234042553192,0.0,0.4787234042553192,1.4361702127659575,0.0,0.0,5.26595744680851,2.393617021276596,0.4787234042553192,1.9148936170212767
19163,34,UNK,Jacob Murphy,75.0,2,3.0,2.0,0.0,1.0,0,0,8.0,3.0,0.0,6.0,37.5,3.6,2.4,0.0,1.2,0.0,0.0,9.6,3.6,0.0,7.2
19192,34,UNK,Jacob Ramsey,59.0,2,0.0,0.0,0.0,0.0,0,0,3.0,2.0,1.0,1.0,29.5,0.0,0.0,0.0,0.0,0.0,0.0,4.576271186440678,3.0508474576271185,1.5254237288135593,1.5254237288135593
18894,34,UNK,Jamaal Lascelles,0.0,0,0.0,0.0,0.0,0.0,0,0,0.0,0.0,0.0,0.0,0.0,0.0,0.0,0.0,0.0,0.0,0.0,0.0,0.0,0.0,0.0
1463,34,UNK,Joe Willock,0.0,0,0.0,0.0,0.0,0.0,0,0,0.0,0.0,0.0,0.0,0.0,0.0,0.0,0.0,0.0,0.0,0.0,0.0,0.0,0.0,0.0
723,34,UNK,Joelinton,159.0,2,0.0,0.0,2.0,3.0,1,0,20.0,11.0,4.0,1.0,79.5,0.0,0.0,1.1320754716981132,1.6981132075471699,0.5660377358490566,0.0,11.320754716981131,6.226415094339623,2.2641509433962264,0.5660377358490566
169,34,UNK,Kieran Trippier,227.0,3,0.0,0.0,6.0,2.0,0,0,16.0,5.0,1.0,0.0,75.66666666666667,0.0,0.0,2.3788546255506606,0.7929515418502202,0.0,0.0,6.343612334801762,1.9823788546255507,0.3964757709251101,0.0
284492,34,UNK,Lewis Hall,43.0,2,1.0,0.0,1.0,0.0,0,0,5.0,2.0,2.0,0.0,21.5,2.0930232558139537,0.0,2.0930232558139537,0.0,0.0,0.0,10.465116279069768,4.186046511627907,4.186046511627907,0.0
328105,34,UNK,Lewis Miley,77.0,3,0.0,0.0,0.0,0.0,0,0,4.0,2.0,1.0,0.0,25.666666666666668,0.0,0.0,0.0,0.0,0.0,0.0,4.675324675324675,2.3376623376623376,1.1688311688311688,0.0
163189,34,UNK,Malick Thiaw,9.0,1,0.0,0.0,0.0,0.0,0,0,1.0,1.0,0.0,0.0,9.0,0.0,0.0,0.0,0.0,0.0,0.0,10.0,10.0,0.0,0.0
18911,34,UNK,Nick Pope,270.0,3,0.0,0.0,0.0,0.0,1,0,3.0,3.0,0.0,0.0,90.0,0.0,0.0,0.0,0.0,0.3333333333333333,0.0,1.0,1.0,0.0,0.0
526535,34,UNK,Park Seung-soo,0.0,0,0.0,0.0,0.0,0.0,0,0,0.0,0.0,0.0,0.0,0.0,0.0,0.0,0.0,0.0,0.0,0.0,0.0,0.0,0.0,0.0
31146,34,UNK,Sandro Tonali,246.0,3,1.0,0.0,2.0,4.0,0,0,13.0,6.0,2.0,2.0,82.0,0.36585365853658536,0.0,0.7317073170731707,1.4634146341463414,0.0,0.0,4.7560975609756095,2.1951219512195124,0.7317073170731707,0.7317073170731707
38734,34,UNK,Sven Botman,68.0,1,0.0,0.0,1.0,0.0,0,0,6.0,4.0,2.0,0.0,68.0,0.0,0.0,1.3235294117647058,0.0,0.0,0.0,7.9411764705882355,5.294117647058823,2.6470588235294117,0.0
158694,34,UNK,Valentino Livramento,270.0,3,0.0,0.0,1.0,5.0,0,0,22.0,12.0,2.0,7.0,90.0,0.0,0.0,0.3333333333333333,1.6666666666666667,0.0,0.0,7.333333333333333,4.0,0.6666666666666666,2.3333333333333335
315237,34,UNK,William Osula,105.0,3,1.0,1.0,8.0,1.0,0,0,18.0,6.0,1.0,4.0,35.0,0.8571428571428571,0.8571428571428571,6.857142857142857,0.8571428571428571,0.0,0.0,15.428571428571429,5.142857142857143,0.8571428571428571,3.4285714285714284
18869,35,UNK,Adam Smith,206.0,3,0.0,0.0,3.0,3.0,0,0,16.0,7.0,1.0,0.0,68.66666666666667,0.0,0.0,1.3106796116504855,1.3106796116504855,0.0,0.0,6.990291262135922,3.058252427184466,0.4368932038834951,0.0
162267,35,UNK,Adrien Truffert,270.0,3,1.0,0.0,5.0,3.0,0,0,36.0,18.0,7.0,7.0,90.0,0.3333333333333333,0.0,1.6666666666666667,1.0,0.0,0.0,12.0,6.0,2.3333333333333335,2.3333333333333335
304853,35,UNK,Alex Scott,203.0,3,1.0,0.0,5.0,8.0,1,0,32.0,19.0,5.0,7.0,67.66666666666667,0.4433497536945813,0.0,2.2167487684729066,3.5467980295566504,0.4433497536945813,0.0,14.187192118226601,8.423645320197044,2.2167487684729066,3.103448275862069
129682,35,UNK,Amine Adli,50.0,2,0.0,0.0,2.0,3.0,0,0,18.0,12.0,7.0,5.0,25.0,0.0,0.0,3.6,5.4,0.0,0.0,32.4,21.6,12.6,9.0
19281,35,UNK,Antoine Semenyo,270.0,3,8.0,4.0,6.0,2.0,1,0,50.0,19.0,3.0,10.0,90.0,2.6666666666666665,1.3333333333333333,2.0,0.6666666666666666,0.3333333333333333,0.0,16.666666666666668,6.333333333333333,1.0,3.3333333333333335
22136,35,UNK,Bafodé Diakité,270.0,3,0.0,0.0,1.0,1.0,0,0,22.0,12.0,5.0,0.0,90.0,0.0,0.0,0.3333333333333333,0.3333333333333333,0.0,0.0,7.333333333333333,4.0,1.6666666666666667,0.0
343576,35,UNK,Ben Doak,0.0,0,0.0,0.0,0.0,0.0,0,0,0.0,0.0,0.0,0.0,0.0,0.0,0.0,0.0,0.0,0.0,0.0,0.0,0.0,0.0,0.0
402432,35,UNK,Ben Winterburn,13.0,1,0.0,0.0,0.0,0.0,0,0,1.0,0.0,0.0,0.0,13.0,0.0,0.0,0.0,0.0,0.0,0.0,6.923076923076923,0.0,0.0,0.0
18870,35,UNK,David Brooks,214.0,3,4.0,2.0,2.0,2.0,1,0,26.0,12.0,6.0,7.0,71.33333333333333,1.6822429906542056,0.8411214953271028,0.8411214953271028,0.8411214953271028,0.4205607476635514,0.0,10.934579439252337,5.046728971962617,2.5233644859813085,2.94392523364486
368030,35,UNK,Eli Junior Kroupi,19.0,3,0.0,0.0,0.0,0.0,0,0,2.0,0.0,0.0,1.0,6.333333333333333,0.0,0.0,0.0,0.0,0.0,0.0,9.473684210526315,0.0,0.0,4.7368421052631575
152856,35,UNK,Evanilson,259.0,3,8.0,2.0,2.0,4.0,1,0,30.0,9.0,0.0,1.0,86.33333333333333,2.77992277992278,0.694980694980695,0.694980694980695,1.38996138996139,0.3474903474903475,0.0,10.424710424710424,3.1274131274131274,0.0,0.3474903474903475
31057,35,UNK,Hamed Junior Traorè,17.0,1,0.0,0.0,0.0,0.0,0,0,4.0,1.0,1.0,1.0,17.0,0.0,0.0,0.0,0.0,0.0,0.0,21.176470588235293,5.294117647058823,5.294117647058823,5.294117647058823
20093,35,UNK,James Hill,74.0,3,0.0,0.0,2.0,1.0,1,0,10.0,4.0,0.0,0.0,24.666666666666668,0.0,0.0,2.4324324324324325,1.2162162162162162,1.2162162162162162,0.0,12.162162162162161,4.864864864864865,0.0,0.0
363333,35,UNK,Julio Soler,0.0,0,0.0,0.0,0.0,0.0,0,0,0.0,0.0,0.0,0.0,0.0,0.0,0.0,0.0,0.0,0.0,0.0,0.0,0.0,0.0,0.0
51051,35,UNK,Julián Araujo,0.0,0,0.0,0.0,0.0,0.0,0,0,0.0,0.0,0.0,0.0,0.0,0.0,0.0,0.0,0.0,0.0,0.0,0.0,0.0,0.0,0.0
792,35,UNK,Justin Kluivert,22.0,2,1.0,0.0,1.0,0.0,0,0,7.0,0.0,0.0,3.0,11.0,4.090909090909091,0.0,4.090909090909091,0.0,0.0,0.0,28.636363636363637,0.0,0.0,12.272727272727273
6610,35,UNK,Marcos Senesi,270.0,3,1.0,0.0,1.0,3.0,0,0,21.0,12.0,6.0,0.0,90.0,0.3333333333333333,0.0,0.3333333333333333,1.0,0.0,0.0,7.0,4.0,2.0,0.0
19245,35,UNK,Marcus Tavernier,249.0,3,5.0,3.0,0.0,3.0,0,0,29.0,16.0,6.0,10.0,83.0,1.8072289156626506,1.0843373493975903,0.0,1.0843373493975903,0.0,0.0,10.481927710843374,5.783132530120482,2.1686746987951806,3.6144578313253013
2734,35,UNK,Philip Billing,0.0,0,0.0,0.0,0.0,0.0,0,0,0.0,0.0,0.0,0.0,0.0,0.0,0.0,0.0,0.0,0.0,0.0,0.0,0.0,0.0,0.0
402434,35,UNK,Remy Rees-Dottin,0.0,0,0.0,0.0,0.0,0.0,0,0,0.0,0.0,0.0,0.0,0.0,0.0,0.0,0.0,0.0,0.0,0.0,0.0,0.0,0.0,0.0
84082,35,UNK,Romain Faivre,0.0,0,0.0,0.0,0.0,0.0,0,0,0.0,0.0,0.0,0.0,0.0,0.0,0.0,0.0,0.0,0.0,0.0,0.0,0.0,0.0,0.0
1125,35,UNK,Ryan Christie,52.0,2,0.0,0.0,1.0,3.0,0,0,13.0,7.0,4.0,2.0,26.0,0.0,0.0,1.7307692307692308,5.1923076923076925,0.0,0.0,22.5,12.115384615384615,6.923076923076923,3.4615384615384617
1150,35,UNK,Tyler Adams,267.0,3,2.0,2.0,5.0,3.0,2,0,30.0,16.0,9.0,3.0,89.0,0.6741573033707865,0.6741573033707865,1.6853932584269662,1.0112359550561798,0.6741573033707865,0.0,10.112359550561798,5.393258426966292,3.033707865168539,1.0112359550561798
151756,35,UNK,Will Dennis,0.0,0,0.0,0.0,0.0,0.0,0,0,0.0,0.0,0.0,0.0,0.0,0.0,0.0,0.0,0.0,0.0,0.0,0.0,0.0,0.0,0.0
118307,35,UNK,Đorđe Petrović,270.0,3,0.0,0.0,0.0,0.0,1,0,2.0,2.0,0.0,0.0,90.0,0.0,0.0,0.0,0.0,0.3333333333333333,0.0,0.6666666666666666,0.6666666666666666,0.0,0.0
18753,36,UNK,Adama Traoré,40.0,2,0.0,0.0,1.0,0.0,0,0,2.0,0.0,0.0,1.0,20.0,0.0,0.0,2.25,0.0,0.0,0.0,4.5,0.0,0.0,2.25
1455,36,UNK,Alex Iwobi,240.0,3,4.0,1.0,2.0,2.0,1,0,18.0,6.0,3.0,5.0,80.0,1.5,0.375,0.75,0.75,0.375,0.0,6.75,2.25,1.125,1.875
899,36,UNK,Andreas Pereira,0.0,0,0.0,0.0,0.0,0.0,0,0,0.0,0.0,0.0,0.0,0.0,0.0,0.0,0.0,0.0,0.0,0.0,0.0,0.0,0.0,0.0
19549,36,UNK,Antonee Robinson,52.0,2,0.0,0.0,0.0,0.0,0,0,2.0,0.0,0.0,0.0,26.0,0.0,0.0,0.0,0.0,0.0,0.0,3.4615384615384617,0.0,0.0,0.0
21566,36,UNK,Benjamin Lecomte,0.0,0,0.0,0.0,0.0,0.0,0,0,0.0,0.0,0.0,0.0,0.0,0.0,0.0,0.0,0.0,0.0,0.0,0.0,0.0,0.0,0.0
1438,36,UNK,Bernd Leno,270.0,3,0.0,0.0,0.0,1.0,0,0,3.0,3.0,1.0,0.0,90.0,0.0,0.0,0.0,0.3333333333333333,0.0,0.0,1.0,1.0,0.3333333333333333,0.0
152967,36,UNK,Calvin Bassey,270.0,3,1.0,0.0,3.0,3.0,1,0,30.0,14.0,4.0,4.0,90.0,0.3333333333333333,0.0,1.0,1.0,0.3333333333333333,0.0,10.0,4.666666666666667,1.3333333333333333,1.3333333333333333
1161,36,UNK,Emile Smith Rowe,57.0,3,1.0,1.0,1.0,1.0,0,0,8.0,2.0,0.0,5.0,19.0,1.5789473684210527,1.5789473684210527,1.5789473684210527,1.5789473684210527,0.0,0.0,12.631578947368421,3.1578947368421053,0.0,7.894736842105263
19480,36,UNK,Harrison Reed,0.0,0,0.0,0.0,0.0,0.0,0,0,0.0,0.0,0.0,0.0,0.0,0.0,0.0,0.0,0.0,0.0,0.0,0.0,0.0,0.0,0.0
19221,36,UNK,Harry Wilson,149.0,3,1.0,0.0,1.0,6.0,0,0,18.0,11.0,3.0,4.0,49.666666666666664,0.6040268456375839,0.0,0.6040268456375839,3.6241610738255035,0.0,0.0,10.87248322147651,6.644295302013423,1.8120805369127517,2.4161073825503356
18814,36,UNK,Issa Diop,0.0,0,0.0,0.0,0.0,0.0,0,0,0.0,0.0,0.0,0.0,0.0,0.0,0.0,0.0,0.0,0.0,0.0,0.0,0.0,0.0,0.0
2729,36,UNK,Joachim Andersen,270.0,3,2.0,1.0,5.0,2.0,0,0,23.0,15.0,7.0,1.0,90.0,0.6666666666666666,0.3333333333333333,1.6666666666666667,0.6666666666666666,0.0,0.0,7.666666666666667,5.0,2.3333333333333335,0.3333333333333333
131,36,UNK,Jorge Cuenca,84.0,1,0.0,0.0,0.0,0.0,0,0,3.0,2.0,1.0,0.0,84.0,0.0,0.0,0.0,0.0,0.0,0.0,3.2142857142857144,2.142857142857143,1.0714285714285714,0.0
389315,36,UNK,Joshua King,215.0,3,3.0,3.0,0.0,4.0,0,0,18.0,8.0,4.0,5.0,71.66666666666667,1.255813953488372,1.255813953488372,0.0,1.6744186046511629,0.0,0.0,7.534883720930233,3.3488372093023258,1.6744186046511629,2.0930232558139537
657,36,UNK,Kenny Tete,270.0,3,1.0,0.0,1.0,7.0,0,0,28.0,24.0,10.0,1.0,90.0,0.3333333333333333,0.0,0.3333333333333333,2.3333333333333335,0.0,0.0,9.333333333333334,8.0,3.3333333333333335,0.3333333333333333
2887,36,UNK,Raúl Jiménez,117.0,3,4.0,0.0,5.0,0.0,0,0,21.0,3.0,1.0,2.0,39.0,3.076923076923077,0.0,3.8461538461538463,0.0,0.0,0.0,16.153846153846153,2.3076923076923075,0.7692307692307693,1.5384615384615385
195106,36,UNK,Rodrigo Muniz,155.0,3,4.0,1.0,3.0,2.0,1,0,42.0,14.0,1.0,4.0,51.666666666666664,2.3225806451612905,0.5806451612903226,1.7419354838709677,1.1612903225806452,0.5806451612903226,0.0,24.387096774193548,8.129032258064516,0.5806451612903226,2.3225806451612905
19032,36,UNK,Ryan Sessegnon,129.0,2,0.0,0.0,3.0,0.0,0,0,13.0,8.0,6.0,2.0,64.5,0.0,0.0,2.0930232558139537,0.0,0.0,0.0,9.069767441860465,5.5813953488372094,4.186046511627907,1.3953488372093024
1934,36,UNK,Sander Berge,246.0,3,1.0,1.0,4.0,1.0,0,0,20.0,7.0,3.0,3.0,82.0,0.36585365853658536,0.36585365853658536,1.4634146341463414,0.36585365853658536,0.0,0.0,7.317073170731708,2.5609756097560976,1.0975609756097562,1.0975609756097562
2823,36,UNK,Saša Lukić,270.0,3,0.0,0.0,12.0,5.0,2,0,36.0,15.0,7.0,1.0,90.0,0.0,0.0,4.0,1.6666666666666667,0.6666666666666666,0.0,12.0,5.0,2.3333333333333335,0.3333333333333333
2920,36,UNK,Timothy Castagne,136.0,3,1.0,1.0,2.0,1.0,0,0,13.0,6.0,3.0,1.0,45.333333333333336,0.6617647058823529,0.6617647058823529,1.3235294117647058,0.6617647058823529,0.0,0.0,8.602941176470589,3.9705882352941178,1.9852941176470589,0.6617647058823529
19025,36,UNK,Tom Cairney,25.0,1,0.0,0.0,1.0,1.0,1,0,7.0,3.0,0.0,2.0,25.0,0.0,0.0,3.6,3.6,3.6,0.0,25.2,10.8,0.0,7.2
265784,39,UNK,André,181.0,3,0.0,0.0,3.0,5.0,0,0,27.0,14.0,7.0,2.0,60.333333333333336,0.0,0.0,1.4917127071823204,2.4861878453038675,0.0,0.0,13.425414364640885,6.961325966850829,3.4806629834254146,0.994475138121547
265782,39,UNK,David Möller Wolfe,132.0,3,0.0,0.0,0.0,1.0,0,0,7.0,5.0,2.0,1.0,44.0,0.0,0.0,0.0,0.6818181818181818,0.0,0.0,4.7727272727272725,3.409090909090909,1.3636363636363635,0.6818181818181818
135068,39,UNK,Emmanuel Agbadou,270.0,3,2.0,0.0,0.0,1.0,0,0,18.0,12.0,4.0,0.0,90.0,0.6666666666666666,0.0,0.0,0.3333333333333333,0.0,0.0,6.0,4.0,1.3333333333333333,0.0
391822,39,UNK,Fer López,45.0,2,1.0,1.0,2.0,0.0,0,0,4.0,0.0,0.0,1.0,22.5,2.0,2.0,4.0,0.0,0.0,0.0,8.0,0.0,0.0,2.0
24888,39,UNK,Hee-Chan Hwang,98.0,3,1.0,1.0,2.0,1.0,0,0,7.0,2.0,1.0,1.0,32.666666666666664,0.9183673469387755,0.9183673469387755,1.836734693877551,0.9183673469387755,0.0,0.0,6.428571428571429,1.836734693877551,0.9183673469387755,0.9183673469387755
280687,39,UNK,Hugo Bueno,139.0,3,1.0,0.0,3.0,1.0,1,0,22.0,10.0,6.0,7.0,46.333333333333336,0.6474820143884892,0.0,1.9424460431654675,0.6474820143884892,0.6474820143884892,0.0,14.244604316546763,6.474820143884892,3.884892086330935,4.532374100719425
296560,39,UNK,Jackson Tchatchoua,119.0,2,0.0,0.0,0.0,0.0,0,0,8.0,3.0,1.0,1.0,59.5,0.0,0.0,0.0,0.0,0.0,0.0,6.050420168067227,2.26890756302521,0.7563025210084033,0.7563025210084033
20665,39,UNK,Jean-Ricner Bellegarde,144.0,3,2.0,1.0,2.0,4.0,0,0,17.0,8.0,4.0,2.0,48.0,1.25,0.625,1.25,2.5,0.0,0.0,10.625,5.0,2.5,1.25
13708,39,UNK,Jhon Arias,138.0,3,2.0,1.0,2.0,0.0,0,0,21.0,11.0,10.0,2.0,46.0,1.3043478260869565,0.6521739130434783,1.3043478260869565,0.0,0.0,0.0,13.695652173913043,7.173913043478261,6.521739130434782,1.3043478260869565
1590,39,UNK,José Sá,270.0,3,0.0,0.0,0.0,0.0,0,0,2.0,2.0,0.0,0.0,90.0,0.0,0.0,0.0,0.0,0.0,0.0,0.6666666666666666,0.6666666666666666,0.0,0.0
195103,39,UNK,João Gomes,270.0,3,1.0,0.0,6.0,9.0,1,0,40.0,20.0,7.0,2.0,90.0,0.3333333333333333,0.0,2.0,3.0,0.3333333333333333,0.0,13.333333333333334,6.666666666666667,2.3333333333333335,0.6666666666666666
2032,39,UNK,Jørgen Strand Larsen,160.0,2,4.0,3.0,5.0,1.0,0,0,24.0,9.0,1.0,1.0,80.0,2.25,1.6875,2.8125,0.5625,0.0,0.0,13.5,5.0625,0.5625,0.5625
285,39,UNK,Ki-Jana Hoever,108.0,2,0.0,0.0,0.0,0.0,0,0,7.0,2.0,2.0,1.0,54.0,0.0,0.0,0.0,0.0,0.0,0.0,5.833333333333333,1.6666666666666667,1.6666666666666667,0.8333333333333334
66407,39,UNK,Ladislav Krejčí,0.0,0,0.0,0.0,0.0,0.0,0,0,0.0,0.0,0.0,0.0,0.0,0.0,0.0,0.0,0.0,0.0,0.0,0.0,0.0,0.0,0.0
3080,39,UNK,Marshall Munetsi,270.0,3,1.0,0.0,5.0,2.0,0,0,36.0,16.0,5.0,3.0,90.0,0.3333333333333333,0.0,1.6666666666666667,0.6666666666666666,0.0,0.0,12.0,5.333333333333333,1.6666666666666667,1.0
18742,39,UNK,Matt Doherty,180.0,2,0.0,0.0,6.0,2.0,2,0,23.0,13.0,6.0,0.0,90.0,0.0,0.0,3.0,1.0,1.0,0.0,11.5,6.5,3.0,0.0
282770,39,UNK,Rodrigo Gomes,45.0,2,2.0,1.0,2.0,0.0,0,0,8.0,3.0,2.0,2.0,22.5,4.0,2.0,4.0,0.0,0.0,0.0,16.0,6.0,4.0,4.0
19143,39,UNK,Sam Johnstone,0.0,0,0.0,0.0,0.0,0.0,0,0,0.0,0.0,0.0,0.0,0.0,0.0,0.0,0.0,0.0,0.0,0.0,0.0,0.0,0.0,0.0
135334,39,UNK,Santiago Bueno,125.0,2,0.0,0.0,3.0,1.0,0,0,17.0,9.0,4.0,0.0,62.5,0.0,0.0,2.16,0.72,0.0,0.0,12.24,6.48,2.88,0.0
7722,39,UNK,Saša Kalajdžić,14.0,1,0.0,0.0,0.0,0.0,0,0,5.0,2.0,0.0,1.0,14.0,0.0,0.0,0.0,0.0,0.0,0.0,32.142857142857146,12.857142857142858,0.0,6.428571428571429
41606,39,UNK,Toti Gomes,229.0,3,0.0,0.0,3.0,1.0,1,1,23.0,12.0,7.0,1.0,76.33333333333333,0.0,0.0,1.1790393013100438,0.3930131004366812,0.3930131004366812,0.3930131004366812,9.039301310043669,4.716157205240175,2.7510917030567685,0.3930131004366812
195717,39,UNK,Yerson Mosquera,0.0,0,0.0,0.0,0.0,0.0,0,0,0.0,0.0,0.0,0.0,0.0,0.0,0.0,0.0,0.0,0.0,0.0,0.0,0.0,0.0,0.0
6716,40,UNK,Alexis Mac Allister,133.0,2,1.0,1.0,3.0,1.0,0,0,14.0,5.0,3.0,4.0,66.5,0.6766917293233082,0.6766917293233082,2.030075187969925,0.6766917293233082,0.0,0.0,9.473684210526315,3.3834586466165413,2.030075187969925,2.706766917293233
280,40,UNK,Alisson,270.0,3,0.0,0.0,0.0,1.0,0,0,1.0,1.0,0.0,0.0,90.0,0.0,0.0,0.0,0.3333333333333333,0.0,0.0,0.3333333333333333,0.3333333333333333,0.0,0.0
289,40,UNK,Andrew Robertson,31.0,1,0.0,0.0,0.0,0.0,0,0,3.0,1.0,0.0,0.0,31.0,0.0,0.0,0.0,0.0,0.0,0.0,8.709677419354838,2.903225806451613,0.0,0.0
247,40,UNK,Cody Gakpo,269.0,3,5.0,3.0,5.0,10.0,0,0,48.0,28.0,5.0,9.0,89.66666666666667,1.6728624535315986,1.003717472118959,1.6728624535315986,3.345724907063197,0.0,0.0,16.059479553903344,9.368029739776953,1.6728624535315986,3.0111524163568775
180317,40,UNK,Conor Bradley,10.0,1,0.0,0.0,1.0,1.0,1,0,7.0,2.0,0.0,1.0,10.0,0.0,0.0,9.0,9.0,9.0,0.0,63.0,18.0,0.0,9.0
293,40,UNK,Curtis Jones,137.0,3,0.0,0.0,0.0,2.0,0,0,12.0,10.0,4.0,2.0,45.666666666666664,0.0,0.0,0.0,1.313868613138686,0.0,0.0,7.883211678832117,6.569343065693431,2.627737226277372,1.313868613138686
1096,40,UNK,Dominik Szoboszlai,270.0,3,4.0,2.0,4.0,1.0,0,0,19.0,10.0,7.0,2.0,90.0,1.3333333333333333,0.6666666666666666,1.3333333333333333,0.3333333333333333,0.0,0.0,6.333333333333333,3.3333333333333335,2.3333333333333335,0.6666666666666666
30410,40,UNK,Federico Chiesa,30.0,3,1.0,1.0,1.0,2.0,0,0,9.0,3.0,1.0,1.0,10.0,3.0,3.0,3.0,6.0,0.0,0.0,27.0,9.0,3.0,3.0
203224,40,UNK,Florian Wirtz,251.0,3,3.0,2.0,2.0,3.0,0,0,27.0,11.0,5.0,3.0,83.66666666666667,1.0756972111553784,0.7171314741035857,0.7171314741035857,1.0756972111553784,0.0,0.0,9.681274900398407,3.944223107569721,1.792828685258964,1.0756972111553784
24760,40,UNK,Giorgi Mamardashvili,0.0,0,0.0,0.0,0.0,0.0,0,0,0.0,0.0,0.0,0.0,0.0,0.0,0.0,0.0,0.0,0.0,0.0,0.0,0.0,0.0,0.0
409047,40,UNK,Giovanni Leoni,0.0,0,0.0,0.0,0.0,0.0,0,0,0.0,0.0,0.0,0.0,0.0,0.0,0.0,0.0,0.0,0.0,0.0,0.0,0.0,0.0,0.0
19035,40,UNK,Harvey Elliott,8.0,1,0.0,0.0,0.0,0.0,0,0,1.0,0.0,0.0,1.0,8.0,0.0,0.0,0.0,0.0,0.0,0.0,11.25,0.0,0.0,11.25
174565,40,UNK,Hugo Ekitiké,231.0,3,5.0,3.0,4.0,2.0,0,0,29.0,10.0,1.0,6.0,77.0,1.948051948051948,1.1688311688311688,1.5584415584415585,0.7792207792207793,0.0,0.0,11.2987012987013,3.896103896103896,0.38961038961038963,2.3376623376623376
1145,40,UNK,Ibrahima Konaté,259.0,3,0.0,0.0,3.0,1.0,1,0,15.0,8.0,2.0,2.0,86.33333333333333,0.0,0.0,1.0424710424710424,0.3474903474903475,0.3474903474903475,0.0,5.212355212355212,2.77992277992278,0.694980694980695,0.694980694980695
152654,40,UNK,Jeremie Frimpong,60.0,1,0.0,0.0,0.0,1.0,0,0,4.0,3.0,1.0,1.0,60.0,0.0,0.0,0.0,1.5,0.0,0.0,6.0,4.5,1.5,1.5
284,40,UNK,Joe Gomez,30.0,2,0.0,0.0,0.0,0.0,0,0,3.0,3.0,0.0,0.0,15.0,0.0,0.0,0.0,0.0,0.0,0.0,9.0,9.0,0.0,0.0
206254,40,UNK,Miloš Kerkez,240.0,3,0.0,0.0,1.0,4.0,1,0,31.0,20.0,6.0,0.0,80.0,0.0,0.0,0.375,1.5,0.375,0.0,11.625,7.5,2.25,0.0
306,40,UNK,Mohamed Salah,269.0,3,2.0,2.0,1.0,3.0,0,0,13.0,5.0,0.0,3.0,89.66666666666667,0.6691449814126395,0.6691449814126395,0.3345724907063197,1.003717472118959,0.0,0.0,4.349442379182156,1.6728624535315986,0.0,1.003717472118959
452685,40,UNK,Rio Ngumoha,8.0,1,1.0,1.0,0.0,0.0,0,0,1.0,1.0,0.0,1.0,8.0,11.25,11.25,0.0,0.0,0.0,0.0,11.25,11.25,0.0,11.25
542,40,UNK,Ryan Gravenberch,180.0,2,2.0,1.0,3.0,2.0,2,0,15.0,7.0,2.0,2.0,90.0,1.0,0.5,1.5,1.0,1.0,0.0,7.5,3.5,1.0,1.0
397997,40,UNK,Trey Nyoni,0.0,0,0.0,0.0,0.0,0.0,0,0,0.0,0.0,0.0,0.0,0.0,0.0,0.0,0.0,0.0,0.0,0.0,0.0,0.0,0.0,0.0
290,40,UNK,Virgil van Dijk,270.0,3,2.0,1.0,0.0,2.0,0,0,28.0,21.0,1.0,1.0,90.0,0.6666666666666666,0.3333333333333333,0.0,0.6666666666666666,0.0,0.0,9.333333333333334,7.0,0.3333333333333333,0.3333333333333333
8500,40,UNK,Wataru Endo,42.0,3,0.0,0.0,1.0,0.0,1,0,7.0,3.0,2.0,0.0,14.0,0.0,0.0,2.142857142857143,0.0,2.142857142857143,0.0,15.0,6.428571428571429,4.285714285714286,0.0
457731,42,UNK,Andre Annous,0.0,0,0.0,0.0,0.0,0.0,0,0,0.0,0.0,0.0,0.0,0.0,0.0,0.0,0.0,0.0,0.0,0.0,0.0,0.0,0.0,0.0
19959,42,UNK,Ben White,71.0,1,1.0,0.0,2.0,0.0,0,0,9.0,5.0,2.0,1.0,71.0,1.267605633802817,0.0,2.535211267605634,0.0,0.0,0.0,11.408450704225352,6.338028169014085,2.535211267605634,1.267605633802817
1460,42,UNK,Bukayo Saka,143.0,2,1.0,1.0,0.0,1.0,0,0,20.0,7.0,3.0,10.0,71.5,0.6293706293706294,0.6293706293706294,0.0,0.6293706293706294,0.0,0.0,12.587412587412587,4.405594405594406,1.8881118881118881,6.293706293706293
333682,42,UNK,Cristhian Mosquera,112.0,2,0.0,0.0,0.0,0.0,0,0,7.0,6.0,6.0,1.0,56.0,0.0,0.0,0.0,0.0,0.0,0.0,5.625,4.821428571428571,4.821428571428571,0.8035714285714286
19465,42,UNK,David Raya,270.0,3,0.0,0.0,0.0,0.0,1,0,1.0,1.0,0.0,0.0,90.0,0.0,0.0,0.0,0.0,0.3333333333333333,0.0,0.3333333333333333,0.3333333333333333,0.0,0.0
2937,42,UNK,Declan Rice,263.0,3,2.0,0.0,3.0,0.0,0,0,11.0,2.0,0.0,3.0,87.66666666666667,0.6844106463878327,0.0,1.026615969581749,0.0,0.0,0.0,3.76425855513308,0.6844106463878327,0.0,1.026615969581749
19586,42,UNK,Eberechi Eze,20.0,1,0.0,0.0,0.0,0.0,0,0,4.0,2.0,0.0,1.0,20.0,0.0,0.0,0.0,0.0,0.0,0.0,18.0,9.0,0.0,4.5
313236,42,UNK,Ethan Nwaneri,53.0,1,0.0,0.0,0.0,0.0,0,0,6.0,3.0,1.0,4.0,53.0,0.0,0.0,0.0,0.0,0.0,0.0,10.18867924528302,5.09433962264151,1.6981132075471699,6.7924528301886795
22224,42,UNK,Gabriel Magalhães,270.0,3,1.0,0.0,2.0,3.0,0,0,18.0,11.0,2.0,1.0,90.0,0.3333333333333333,0.0,0.6666666666666666,1.0,0.0,0.0,6.0,3.6666666666666665,0.6666666666666666,0.3333333333333333
127769,42,UNK,Gabriel Martinelli,130.0,2,1.0,1.0,0.0,2.0,0,0,6.0,4.0,2.0,1.0,65.0,0.6923076923076923,0.6923076923076923,0.0,1.3846153846153846,0.0,0.0,4.153846153846154,2.769230769230769,1.3846153846153846,0.6923076923076923
61431,42,UNK,Jakub Kiwior,0.0,0,0.0,0.0,0.0,0.0,0,0,0.0,0.0,0.0,0.0,0.0,0.0,0.0,0.0,0.0,0.0,0.0,0.0,0.0,0.0,0.0
38746,42,UNK,Jurriën Timber,174.0,3,3.0,2.0,4.0,2.0,1,0,25.0,12.0,8.0,5.0,58.0,1.5517241379310345,1.0344827586206897,2.0689655172413794,1.0344827586206897,0.5172413793103449,0.0,12.931034482758621,6.206896551724138,4.137931034482759,2.586206896551724
978,42,UNK,Kai Havertz,31.0,1,0.0,0.0,0.0,2.0,0,0,10.0,5.0,0.0,2.0,31.0,0.0,0.0,0.0,5.806451612903226,0.0,0.0,29.032258064516128,14.516129032258064,0.0,5.806451612903226
2273,42,UNK,Kepa Arrizabalaga,0.0,0,0.0,0.0,0.0,0.0,0,0,0.0,0.0,0.0,0.0,0.0,0.0,0.0,0.0,0.0,0.0,0.0,0.0,0.0,0.0,0.0
1946,42,UNK,Leandro Trossard,38.0,1,1.0,0.0,0.0,0.0,0,0,4.0,1.0,0.0,2.0,38.0,2.3684210526315788,0.0,0.0,0.0,0.0,0.0,9.473684210526315,2.3684210526315788,0.0,4.7368421052631575
37127,42,UNK,Martin Ødegaard,148.0,3,3.0,1.0,1.0,2.0,0,0,10.0,7.0,2.0,5.0,49.333333333333336,1.8243243243243243,0.6081081081081081,0.6081081081081081,1.2162162162162162,0.0,0.0,6.081081081081081,4.256756756756757,1.2162162162162162,3.0405405405405403
47315,42,UNK,Martín Zubimendi,270.0,3,1.0,0.0,7.0,1.0,1,0,24.0,12.0,6.0,1.0,90.0,0.3333333333333333,0.0,2.3333333333333335,0.3333333333333333,0.3333333333333333,0.0,8.0,4.0,2.0,0.3333333333333333
442044,42,UNK,Max Dowman,37.0,2,2.0,0.0,0.0,2.0,0,0,13.0,5.0,2.0,6.0,18.5,4.864864864864865,0.0,0.0,4.864864864864865,0.0,0.0,31.62162162162162,12.162162162162161,4.864864864864865,14.594594594594595
47311,42,UNK,Mikel Merino,78.0,2,0.0,0.0,2.0,0.0,0,0,11.0,5.0,3.0,0.0,39.0,0.0,0.0,2.3076923076923075,0.0,0.0,0.0,12.692307692307692,5.769230769230769,3.4615384615384617,0.0
313245,42,UNK,Myles Lewis-Skelly,46.0,2,0.0,0.0,2.0,1.0,1,0,7.0,4.0,1.0,2.0,23.0,0.0,0.0,3.9130434782608696,1.9565217391304348,1.9565217391304348,0.0,13.695652173913043,7.826086956521739,1.9565217391304348,3.9130434782608696
136723,42,UNK,Noni Madueke,184.0,3,2.0,1.0,4.0,2.0,0,0,21.0,7.0,0.0,4.0,61.333333333333336,0.9782608695652174,0.4891304347826087,1.9565217391304348,0.9782608695652174,0.0,0.0,10.271739130434783,3.4239130434782608,0.0,1.9565217391304348
157052,42,UNK,Riccardo Calafiori,226.0,3,3.0,1.0,3.0,2.0,1,0,19.0,11.0,3.0,2.0,75.33333333333333,1.1946902654867257,0.39823008849557523,1.1946902654867257,0.7964601769911505,0.39823008849557523,0.0,7.566371681415929,4.380530973451328,1.1946902654867257,0.7964601769911505
18979,42,UNK,Viktor Gyökeres,240.0,3,3.0,2.0,4.0,7.0,1,0,31.0,12.0,0.0,5.0,80.0,1.125,0.75,1.5,2.625,0.375,0.0,11.625,4.5,0.0,1.875
22090,42,UNK,William Saliba,185.0,3,0.0,0.0,3.0,1.0,0,0,17.0,11.0,4.0,1.0,61.666666666666664,0.0,0.0,1.4594594594594594,0.4864864864864865,0.0,0.0,8.27027027027027,5.351351351351352,1.945945945945946,0.4864864864864865
278079,44,UNK,Aaron Ramsey,0.0,0,0.0,0.0,0.0,0.0,0,0,0.0,0.0,0.0,0.0,0.0,0.0,0.0,0.0,0.0,0.0,0.0,0.0,0.0,0.0,0.0
180560,44,UNK,Hannibal Mejbri,211.0,3,2.0,0.0,4.0,8.0,0,0,34.0,15.0,5.0,4.0,70.33333333333333,0.8530805687203792,0.0,1.7061611374407584,3.4123222748815167,0.0,0.0,14.502369668246445,6.398104265402844,2.132701421800948,1.7061611374407584
47903,44,UNK,Hjalmar Ekdal,263.0,3,0.0,0.0,1.0,0.0,0,0,19.0,12.0,4.0,0.0,87.66666666666667,0.0,0.0,0.34220532319391633,0.0,0.0,0.0,6.501901140684411,4.106463878326996,1.3688212927756653,0.0
22,44,UNK,Jacob Bruun Larsen,179.0,3,1.0,0.0,0.0,0.0,0,0,15.0,4.0,1.0,2.0,59.666666666666664,0.5027932960893855,0.0,0.0,0.0,0.0,0.0,7.5418994413407825,2.011173184357542,0.5027932960893855,1.005586592178771
196855,44,UNK,Jaidon Anthony,265.0,3,5.0,3.0,1.0,4.0,1,0,27.0,13.0,3.0,5.0,88.33333333333333,1.6981132075471699,1.0188679245283019,0.33962264150943394,1.3584905660377358,0.33962264150943394,0.0,9.169811320754716,4.415094339622642,1.0188679245283019,1.6981132075471699
1746,44,UNK,Joe Worrall,27.0,2,0.0,0.0,0.0,1.0,0,0,3.0,3.0,1.0,0.0,13.5,0.0,0.0,0.0,3.3333333333333335,0.0,0.0,10.0,10.0,3.3333333333333335,0.0
19827,44,UNK,Josh Cullen,270.0,3,1.0,1.0,1.0,3.0,0,0,24.0,12.0,6.0,0.0,90.0,0.3333333333333333,0.3333333333333333,0.3333333333333333,1.0,0.0,0.0,8.0,4.0,2.0,0.0
20303,44,UNK,Josh Laurent,99.0,3,3.0,2.0,2.0,1.0,1,0,13.0,6.0,2.0,1.0,33.0,2.727272727272727,1.8181818181818181,1.8181818181818181,0.9090909090909091,0.9090909090909091,0.0,11.818181818181818,5.454545454545454,1.8181818181818181,0.9090909090909091
627,44,UNK,Kyle Walker,270.0,3,1.0,0.0,2.0,2.0,1,0,20.0,10.0,4.0,0.0,90.0,0.3333333333333333,0.0,0.6666666666666666,0.6666666666666666,0.3333333333333333,0.0,6.666666666666667,3.3333333333333335,1.3333333333333333,0.0
270508,44,UNK,Lesley Ugochukwu,173.0,3,2.0,0.0,5.0,3.0,0,0,22.0,12.0,6.0,4.0,57.666666666666664,1.0404624277456647,0.0,2.601156069364162,1.560693641618497,0.0,0.0,11.445086705202312,6.242774566473988,3.121387283236994,2.0809248554913293
161621,44,UNK,Loum Tchaouna,50.0,3,2.0,1.0,0.0,1.0,1,0,13.0,8.0,2.0,2.0,16.666666666666668,3.6,1.8,0.0,1.8,1.8,0.0,23.4,14.4,3.6,3.6
330238,44,UNK,Lucas Pires,0.0,0,0.0,0.0,0.0,0.0,0,0,0.0,0.0,0.0,0.0,0.0,0.0,0.0,0.0,0.0,0.0,0.0,0.0,0.0,0.0,0.0
98936,44,UNK,Lyle Foster,250.0,3,2.0,1.0,6.0,3.0,1,0,43.0,18.0,3.0,3.0,83.33333333333333,0.72,0.36,2.16,1.08,0.36,0.0,15.48,6.48,1.08,1.08
37882,44,UNK,Marcus Edwards,9.0,1,0.0,0.0,0.0,0.0,0,0,0.0,0.0,0.0,0.0,9.0,0.0,0.0,0.0,0.0,0.0,0.0,0.0,0.0,0.0,0.0
18886,44,UNK,Martin Dúbravka,270.0,3,0.0,0.0,0.0,0.0,0,0,3.0,1.0,0.0,0.0,90.0,0.0,0.0,0.0,0.0,0.0,0.0,1.0,0.3333333333333333,0.0,0.0
328273,44,UNK,Max Weiss,0.0,0,0.0,0.0,0.0,0.0,0,0,0.0,0.0,0.0,0.0,0.0,0.0,0.0,0.0,0.0,0.0,0.0,0.0,0.0,0.0,0.0
179400,44,UNK,Maxime Estève,263.0,3,1.0,1.0,2.0,2.0,0,0,21.0,12.0,2.0,0.0,87.66666666666667,0.34220532319391633,0.34220532319391633,0.6844106463878327,0.6844106463878327,0.0,0.0,7.186311787072244,4.106463878326996,0.6844106463878327,0.0
128895,44,UNK,Oliver Sonne,104.0,3,1.0,0.0,1.0,0.0,0,0,7.0,4.0,1.0,2.0,34.666666666666664,0.8653846153846154,0.0,0.8653846153846154,0.0,0.0,0.0,6.0576923076923075,3.4615384615384617,0.8653846153846154,1.7307692307692308
375915,44,UNK,Quilindschy Hartman,270.0,3,0.0,0.0,1.0,0.0,0,0,19.0,12.0,8.0,2.0,90.0,0.0,0.0,0.3333333333333333,0.0,0.0,0.0,6.333333333333333,4.0,2.6666666666666665,0.6666666666666666
36927,44,UNK,Zian Flemming,32.0,2,0.0,0.0,0.0,0.0,0,0,4.0,1.0,0.0,1.0,16.0,0.0,0.0,0.0,0.0,0.0,0.0,11.25,2.8125,0.0,2.8125
125743,45,UNK,Beto,193.0,3,2.0,1.0,4.0,3.0,1,0,36.0,18.0,1.0,1.0,64.33333333333333,0.9326424870466321,0.46632124352331605,1.8652849740932642,1.3989637305699483,0.46632124352331605,0.0,16.787564766839377,8.393782383419689,0.46632124352331605,0.46632124352331605
195993,45,UNK,Carlos Alcaraz,122.0,3,1.0,1.0,0.0,2.0,1,0,15.0,11.0,4.0,3.0,40.666666666666664,0.7377049180327869,0.7377049180327869,0.0,1.4754098360655739,0.7377049180327869,0.0,11.065573770491802,8.114754098360656,2.9508196721311477,2.2131147540983607
18929,45,UNK,Dwight McNeil,20.0,1,2.0,0.0,0.0,0.0,0,0,1.0,1.0,0.0,0.0,20.0,9.0,0.0,0.0,0.0,0.0,0.0,4.5,4.5,0.0,0.0
284385,45,,Elijah Campbell,0.0,0,0.0,0.0,0.0,0.0,0,0,0.0,0.0,0.0,0.0,0.0,0.0,0.0,0.0,0.0,0.0,0.0,0.0,0.0,0.0,0.0
405360,45,UNK,Harrison Armstrong,1.0,1,0.0,0.0,0.0,0.0,0,0,0.0,0.0,0.0,0.0,1.0,0.0,0.0,0.0,0.0,0.0,0.0,0.0,0.0,0.0,0.0
138844,45,UNK,Harry Tyrer,0.0,0,0.0,0.0,0.0,0.0,0,0,0.0,0.0,0.0,0.0,0.0,0.0,0.0,0.0,0.0,0.0,0.0,0.0,0.0,0.0,0.0
2990,45,UNK,Idrissa Gueye,256.0,3,2.0,0.0,0.0,3.0,0,0,19.0,13.0,6.0,2.0,85.33333333333333,0.703125,0.0,0.0,1.0546875,0.0,0.0,6.6796875,4.5703125,2.109375,0.703125
18592,45,UNK,Iliman Ndiaye,243.0,3,3.0,3.0,3.0,3.0,0,0,38.0,17.0,8.0,12.0,81.0,1.1111111111111112,1.1111111111111112,1.1111111111111112,1.1111111111111112,0.0,0.0,14.074074074074074,6.296296296296297,2.962962962962963,4.444444444444445
19187,45,UNK,Jack Grealish,197.0,3,1.0,1.0,0.0,9.0,0,0,34.0,20.0,4.0,13.0,65.66666666666667,0.45685279187817257,0.45685279187817257,0.0,4.111675126903553,0.0,0.0,15.532994923857869,9.137055837563452,1.8274111675126903,5.939086294416244
270139,45,UNK,Jake O'Brien,270.0,3,2.0,0.0,1.0,2.0,0,0,38.0,19.0,5.0,8.0,90.0,0.6666666666666666,0.0,0.3333333333333333,0.6666666666666666,0.0,0.0,12.666666666666666,6.333333333333333,1.6666666666666667,2.6666666666666665
895,45,UNK,James Garner,270.0,3,2.0,1.0,2.0,0.0,1,0,22.0,10.0,6.0,2.0,90.0,0.6666666666666666,0.3333333333333333,0.6666666666666666,0.0,0.3333333333333333,0.0,7.333333333333333,3.3333333333333335,2.0,0.6666666666666666
2936,45,UNK,James Tarkowski,270.0,3,1.0,0.0,3.0,2.0,0,0,30.0,20.0,3.0,4.0,90.0,0.3333333333333333,0.0,1.0,0.6666666666666666,0.0,0.0,10.0,6.666666666666667,1.0,1.3333333333333333
2932,45,UNK,Jordan Pickford,270.0,3,0.0,0.0,0.0,0.0,0,0,1.0,1.0,0.0,0.0,90.0,0.0,0.0,0.0,0.0,0.0,0.0,0.3333333333333333,0.3333333333333333,0.0,0.0
148099,45,UNK,Kiernan Dewsbury-Hall,270.0,3,1.0,1.0,6.0,7.0,2,0,25.0,15.0,3.0,3.0,90.0,0.3333333333333333,0.3333333333333333,2.0,2.3333333333333335,0.6666666666666666,0.0,8.333333333333334,5.0,1.0,1.0
18860,45,UNK,Mark Travers,0.0,0,0.0,0.0,0.0,0.0,0,0,0.0,0.0,0.0,0.0,0.0,0.0,0.0,0.0,0.0,0.0,0.0,0.0,0.0,0.0,0.0
2934,45,UNK,Michael Keane,270.0,3,0.0,0.0,1.0,0.0,0,0,16.0,10.0,3.0,1.0,90.0,0.0,0.0,0.3333333333333333,0.0,0.0,0.0,5.333333333333333,3.3333333333333335,1.0,0.3333333333333333
18758,45,UNK,Séamus Coleman,1.0,1,0.0,0.0,0.0,0.0,0,0,0.0,0.0,0.0,0.0,1.0,0.0,0.0,0.0,0.0,0.0,0.0,0.0,0.0,0.0,0.0
343684,45,UNK,Thierno Barry,90.0,3,2.0,0.0,0.0,0.0,0,0,17.0,8.0,0.0,1.0,30.0,2.0,0.0,0.0,0.0,0.0,0.0,17.0,8.0,0.0,1.0
284500,45,UNK,Tim Iroegbunam,156.0,3,1.0,0.0,4.0,3.0,2,0,19.0,12.0,3.0,3.0,52.0,0.5769230769230769,0.0,2.3076923076923075,1.7307692307692308,1.1538461538461537,0.0,10.961538461538462,6.923076923076923,1.7307692307692308,1.7307692307692308
304317,45,UNK,Tyler Dibling,0.0,0,0.0,0.0,0.0,0.0,0,0,0.0,0.0,0.0,0.0,0.0,0.0,0.0,0.0,0.0,0.0,0.0,0.0,0.0,0.0,0.0
167657,45,UNK,Tyler Onyango,0.0,0,0.0,0.0,0.0,0.0,0,0,0.0,0.0,0.0,0.0,0.0,0.0,0.0,0.0,0.0,0.0,0.0,0.0,0.0,0.0,0.0
2165,45,UNK,Vitaliy Mykolenko,90.0,1,0.0,0.0,1.0,2.0,0,0,8.0,5.0,1.0,1.0,90.0,0.0,0.0,1.0,2.0,0.0,0.0,8.0,5.0,1.0,1.0
330412,45,UNK,Youssef Chermiti,0.0,0,0.0,0.0,0.0,0.0,0,0,0.0,0.0,0.0,0.0,0.0,0.0,0.0,0.0,0.0,0.0,0.0,0.0,0.0,0.0,0.0
265826,47,UNK,Antonín Kinský,0.0,0,0.0,0.0,0.0,0.0,0,0,0.0,0.0,0.0,0.0,0.0,0.0,0.0,0.0,0.0,0.0,0.0,0.0,0.0,0.0,0.0
328089,47,UNK,Archie Gray,71.0,1,0.0,0.0,3.0,0.0,0,0,9.0,3.0,1.0,0.0,71.0,0.0,0.0,3.8028169014084505,0.0,0.0,0.0,11.408450704225352,3.8028169014084505,1.267605633802817,0.0
164,47,UNK,Ben Davies,0.0,0,0.0,0.0,0.0,0.0,0,0,0.0,0.0,0.0,0.0,0.0,0.0,0.0,0.0,0.0,0.0,0.0,0.0,0.0,0.0,0.0
129711,47,UNK,Brennan Johnson,212.0,3,4.0,2.0,1.0,3.0,1,0,14.0,8.0,5.0,2.0,70.66666666666667,1.6981132075471699,0.8490566037735849,0.42452830188679247,1.2735849056603774,0.42452830188679247,0.0,5.943396226415095,3.3962264150943398,2.1226415094339623,0.8490566037735849
30776,47,UNK,Cristian Romero,270.0,3,0.0,0.0,4.0,2.0,1,0,21.0,14.0,5.0,1.0,90.0,0.0,0.0,1.3333333333333333,0.6666666666666666,0.3333333333333333,0.0,7.0,4.666666666666667,1.6666666666666667,0.3333333333333333
204039,47,UNK,Destiny Udogie,19.0,1,1.0,0.0,0.0,2.0,0,0,7.0,5.0,1.0,0.0,19.0,4.7368421052631575,0.0,0.0,9.473684210526315,0.0,0.0,33.1578947368421,23.68421052631579,4.7368421052631575,0.0
19235,47,UNK,Djed Spence,270.0,3,2.0,1.0,3.0,1.0,1,0,25.0,8.0,2.0,8.0,90.0,0.6666666666666666,0.3333333333333333,1.0,0.3333333333333333,0.3333333333333333,0.0,8.333333333333334,2.6666666666666665,0.6666666666666666,2.6666666666666665
18883,47,UNK,Dominic Solanke,32.0,2,2.0,1.0,0.0,1.0,0,0,4.0,2.0,1.0,0.0,16.0,5.625,2.8125,0.0,2.8125,0.0,0.0,11.25,5.625,2.8125,0.0
31354,47,UNK,Guglielmo Vicario,270.0,3,0.0,0.0,0.0,0.0,0,0,0.0,0.0,0.0,0.0,90.0,0.0,0.0,0.0,0.0,0.0,0.0,0.0,0.0,0.0,0.0
41104,47,UNK,João Palhinha,154.0,3,1.0,1.0,3.0,1.0,0,0,19.0,10.0,6.0,4.0,51.333333333333336,0.5844155844155844,0.5844155844155844,1.7532467532467533,0.5844155844155844,0.0,0.0,11.103896103896103,5.8441558441558445,3.5064935064935066,2.3376623376623376
25287,47,UNK,Kevin Danso,1.0,1,0.0,0.0,0.0,0.0,0,0,1.0,1.0,0.0,0.0,1.0,0.0,0.0,0.0,0.0,0.0,0.0,90.0,90.0,0.0,0.0
347316,47,UNK,Lucas Bergvall,125.0,3,2.0,2.0,4.0,0.0,0,0,19.0,8.0,3.0,4.0,41.666666666666664,1.44,1.44,2.88,0.0,0.0,0.0,13.68,5.76,2.16,2.88
387521,47,UNK,Luka Vušković,0.0,0,0.0,0.0,0.0,0.0,0,0,0.0,0.0,0.0,0.0,0.0,0.0,0.0,0.0,0.0,0.0,0.0,0.0,0.0,0.0,0.0
697,47,UNK,Manor Solomon,0.0,0,0.0,0.0,0.0,0.0,0,0,0.0,0.0,0.0,0.0,0.0,0.0,0.0,0.0,0.0,0.0,0.0,0.0,0.0,0.0,0.0
270510,47,UNK,Mathys Tel,23.0,2,1.0,0.0,2.0,0.0,0,0,8.0,3.0,3.0,1.0,11.5,3.9130434782608696,0.0,7.826086956521739,0.0,0.0,0.0,31.304347826086957,11.73913043478261,11.73913043478261,3.9130434782608696
152849,47,UNK,Micky van de Ven,270.0,3,2.0,0.0,3.0,2.0,1,0,19.0,10.0,2.0,2.0,90.0,0.6666666666666666,0.0,1.0,0.6666666666666666,0.3333333333333333,0.0,6.333333333333333,3.3333333333333335,0.6666666666666666,0.6666666666666666
15911,47,UNK,Mohammed Kudus,261.0,3,2.0,0.0,3.0,6.0,0,0,52.0,26.0,8.0,21.0,87.0,0.6896551724137931,0.0,1.0344827586206897,2.0689655172413794,0.0,0.0,17.93103448275862,8.96551724137931,2.7586206896551726,7.241379310344827
237129,47,UNK,Pape Matar Sarr,256.0,3,1.0,1.0,9.0,4.0,0,0,42.0,18.0,4.0,6.0,85.33333333333333,0.3515625,0.3515625,3.1640625,1.40625,0.0,0.0,14.765625,6.328125,1.40625,2.109375
47519,47,UNK,Pedro Porro,251.0,3,2.0,0.0,5.0,2.0,1,0,22.0,9.0,5.0,3.0,83.66666666666667,0.7171314741035857,0.0,1.792828685258964,0.7171314741035857,0.35856573705179284,0.0,7.888446215139442,3.2270916334661353,1.792828685258964,1.0756972111553784
2413,47,UNK,Richarlison,239.0,3,6.0,3.0,3.0,3.0,1,0,36.0,16.0,2.0,4.0,79.66666666666667,2.2594142259414225,1.1297071129707112,1.1297071129707112,1.1297071129707112,0.37656903765690375,0.0,13.556485355648535,6.02510460251046,0.7531380753138075,1.506276150627615
863,47,UNK,Rodrigo Bentancur,200.0,3,0.0,0.0,0.0,0.0,0,0,10.0,6.0,4.0,3.0,66.66666666666667,0.0,0.0,0.0,0.0,0.0,0.0,4.5,2.7,1.8,1.35
336564,47,UNK,Wilson Odobert,60.0,3,3.0,1.0,0.0,0.0,0,0,7.0,3.0,0.0,5.0,20.0,4.5,1.5,0.0,0.0,0.0,0.0,10.5,4.5,0.0,7.5
18846,48,UNK,Aaron Wan-Bissaka,180.0,2,0.0,0.0,0.0,2.0,0,0,9.0,8.0,1.0,4.0,90.0,0.0,0.0,0.0,1.0,0.0,0.0,4.5,4.0,0.5,2.0
253,48,UNK,Alphonse Aréola,0.0,0,0.0,0.0,0.0,0.0,0,0,0.0,0.0,0.0,0.0,0.0,0.0,0.0,0.0,0.0,0.0,0.0,0.0,0.0,0.0,0.0
68466,48,UNK,Andy Irving,24.0,2,0.0,0.0,0.0,0.0,0,0,4.0,3.0,3.0,0.0,12.0,0.0,0.0,0.0,0.0,0.0,0.0,15.0,11.25,11.25,0.0
344707,48,UNK,Callum Marshall,0.0,0,0.0,0.0,0.0,0.0,0,0,0.0,0.0,0.0,0.0,0.0,0.0,0.0,0.0,0.0,0.0,0.0,0.0,0.0,0.0,0.0
2939,48,UNK,Callum Wilson,91.0,3,6.0,4.0,2.0,3.0,0,0,16.0,8.0,0.0,5.0,30.333333333333332,5.934065934065934,3.956043956043956,1.978021978021978,2.967032967032967,0.0,0.0,15.824175824175825,7.912087912087912,0.0,4.945054945054945
37724,48,UNK,Crysencio Summerville,8.0,1,0.0,0.0,0.0,1.0,0,0,1.0,1.0,0.0,0.0,8.0,0.0,0.0,0.0,11.25,0.0,0.0,11.25,11.25,0.0,0.0
2869,48,UNK,Edson Álvarez,0.0,0,0.0,0.0,0.0,0.0,0,0,0.0,0.0,0.0,0.0,0.0,0.0,0.0,0.0,0.0,0.0,0.0,0.0,0.0,0.0,0.0
409303,48,UNK,El Hadji Malick Diouf,270.0,3,2.0,1.0,2.0,2.0,0,0,22.0,8.0,1.0,6.0,90.0,0.6666666666666666,0.3333333333333333,0.6666666666666666,0.6666666666666666,0.0,0.0,7.333333333333333,2.6666666666666665,0.3333333333333333,2.0
284446,48,UNK,Freddie Potts,45.0,1,0.0,0.0,0.0,0.0,0,0,5.0,2.0,1.0,1.0,45.0,0.0,0.0,0.0,0.0,0.0,0.0,10.0,4.0,2.0,2.0
2476,48,UNK,Guido Rodríguez,71.0,1,0.0,0.0,0.0,0.0,0,0,2.0,1.0,0.0,0.0,71.0,0.0,0.0,0.0,0.0,0.0,0.0,2.535211267605634,1.267605633802817,0.0,0.0
2938,48,UNK,James Ward-Prowse,236.0,3,0.0,0.0,1.0,2.0,0,0,10.0,7.0,3.0,1.0,78.66666666666667,0.0,0.0,0.3813559322033898,0.7627118644067796,0.0,0.0,3.8135593220338984,2.669491525423729,1.1440677966101696,0.3813559322033898
19428,48,UNK,Jarrod Bowen,270.0,3,3.0,3.0,0.0,5.0,0,0,31.0,17.0,4.0,13.0,90.0,1.0,1.0,0.0,1.6666666666666667,0.0,0.0,10.333333333333334,5.666666666666667,1.3333333333333333,4.333333333333333
138,48,UNK,Jean-Clair Todibo,127.0,2,0.0,0.0,0.0,1.0,0,0,8.0,4.0,3.0,0.0,63.5,0.0,0.0,0.0,0.7086614173228346,0.0,0.0,5.669291338582677,2.8346456692913384,2.125984251968504,0.0
1445,48,UNK,Konstantinos Mavropanos,90.0,1,1.0,0.0,2.0,0.0,0,0,4.0,1.0,0.0,0.0,90.0,1.0,0.0,2.0,0.0,0.0,0.0,4.0,1.0,0.0,0.0
171,48,UNK,Kyle Walker-Peters,111.0,2,1.0,0.0,0.0,3.0,0,0,12.0,7.0,3.0,1.0,55.5,0.8108108108108109,0.0,0.0,2.4324324324324325,0.0,0.0,9.72972972972973,5.675675675675675,2.4324324324324325,0.8108108108108109
1646,48,UNK,Lucas Paquetá,270.0,3,5.0,4.0,5.0,6.0,0,0,51.0,25.0,8.0,13.0,90.0,1.6666666666666667,1.3333333333333333,1.6666666666666667,2.0,0.0,0.0,17.0,8.333333333333334,2.6666666666666665,4.333333333333333
15870,48,UNK,Mads Hermansen,270.0,3,0.0,0.0,0.0,0.0,0,0,1.0,1.0,0.0,0.0,90.0,0.0,0.0,0.0,0.0,0.0,0.0,0.3333333333333333,0.3333333333333333,0.0,0.0
336585,48,UNK,Mateus Fernandes,82.0,1,0.0,0.0,1.0,3.0,0,0,11.0,6.0,3.0,0.0,82.0,0.0,0.0,1.0975609756097562,3.292682926829268,0.0,0.0,12.073170731707316,6.585365853658536,3.292682926829268,0.0
18744,48,UNK,Max Kilman,270.0,3,1.0,0.0,4.0,0.0,1,0,16.0,10.0,4.0,1.0,90.0,0.3333333333333333,0.0,1.3333333333333333,0.0,0.3333333333333333,0.0,5.333333333333333,3.3333333333333335,1.3333333333333333,0.3333333333333333
21694,48,UNK,Nayef Aguerd,180.0,2,2.0,0.0,0.0,1.0,0,0,10.0,7.0,1.0,1.0,90.0,1.0,0.0,0.0,0.5,0.0,0.0,5.0,3.5,0.5,0.5
25391,48,UNK,Niclas Füllkrug,199.0,3,4.0,2.0,5.0,0.0,0,0,34.0,9.0,1.0,0.0,66.33333333333333,1.8090452261306533,0.9045226130653267,2.2613065326633164,0.0,0.0,0.0,15.376884422110553,4.0703517587939695,0.45226130653266333,0.0
327730,48,UNK,Oliver Scarles,0.0,0,0.0,0.0,0.0,0.0,0,0,0.0,0.0,0.0,0.0,0.0,0.0,0.0,0.0,0.0,0.0,0.0,0.0,0.0,0.0,0.0
1243,48,UNK,Tomáš Souček,180.0,3,2.0,2.0,1.0,1.0,0,0,15.0,7.0,3.0,3.0,60.0,1.0,1.0,0.5,0.5,0.0,0.0,7.5,3.5,1.5,1.5
305834,49,UNK,Andrey Santos,50.0,3,2.0,1.0,2.0,1.0,1,0,4.0,2.0,1.0,0.0,16.666666666666668,3.6,1.8,3.6,1.8,1.8,0.0,7.2,3.6,1.8,0.0
152982,49,UNK,Cole Palmer,90.0,1,1.0,0.0,1.0,0.0,0,0,5.0,2.0,1.0,2.0,90.0,1.0,0.0,1.0,0.0,0.0,0.0,5.0,2.0,1.0,2.0
308678,49,UNK,Dário Essugo,0.0,0,0.0,0.0,0.0,0.0,0,0,0.0,0.0,0.0,0.0,0.0,0.0,0.0,0.0,0.0,0.0,0.0,0.0,0.0,0.0,0.0
5996,49,UNK,Enzo Fernández,259.0,3,4.0,2.0,2.0,2.0,0,0,18.0,6.0,2.0,1.0,86.33333333333333,1.38996138996139,0.694980694980695,0.694980694980695,0.694980694980695,0.0,0.0,6.254826254826255,2.0849420849420848,0.694980694980695,0.3474903474903475
425733,49,UNK,Estêvão Willian,182.0,3,3.0,2.0,3.0,0.0,1,0,30.0,11.0,3.0,16.0,60.666666666666664,1.4835164835164836,0.989010989010989,1.4835164835164836,0.0,0.4945054945054945,0.0,14.835164835164836,5.43956043956044,1.4835164835164836,7.912087912087912
286616,49,UNK,Filip Jørgensen,0.0,0,0.0,0.0,0.0,0.0,0,0,0.0,0.0,0.0,0.0,0.0,0.0,0.0,0.0,0.0,0.0,0.0,0.0,0.0,0.0,0.0
64167,49,UNK,Gabriel Słonina,0.0,0,0.0,0.0,0.0,0.0,0,0,0.0,0.0,0.0,0.0,0.0,0.0,0.0,0.0,0.0,0.0,0.0,0.0,0.0,0.0,0.0
286894,49,UNK,Jamie Gittens,90.0,3,0.0,0.0,3.0,0.0,0,0,12.0,5.0,2.0,5.0,30.0,0.0,0.0,3.0,0.0,0.0,0.0,12.0,5.0,2.0,5.0
341642,49,UNK,Jorrel Hato,22.0,1,0.0,0.0,1.0,0.0,1,0,4.0,0.0,0.0,0.0,22.0,0.0,0.0,4.090909090909091,0.0,4.090909090909091,0.0,16.363636363636363,0.0,0.0,0.0
366735,49,UNK,Josh Acheampong,90.0,1,0.0,0.0,0.0,2.0,0,0,14.0,11.0,2.0,2.0,90.0,0.0,0.0,0.0,2.0,0.0,0.0,14.0,11.0,2.0,2.0
10329,49,UNK,João Pedro,253.0,3,6.0,3.0,2.0,6.0,0,0,41.0,19.0,2.0,8.0,84.33333333333333,2.1343873517786562,1.0671936758893281,0.7114624505928854,2.1343873517786562,0.0,0.0,14.58498023715415,6.758893280632411,0.7114624505928854,2.8458498023715415
161948,49,UNK,Liam Delap,94.0,3,2.0,2.0,1.0,1.0,0,0,10.0,3.0,0.0,0.0,31.333333333333332,1.9148936170212767,1.9148936170212767,0.9574468085106383,0.9574468085106383,0.0,0.0,9.574468085106384,2.872340425531915,0.0,0.0
161907,49,UNK,Malo Gusto,171.0,3,1.0,0.0,1.0,3.0,0,0,13.0,8.0,4.0,1.0,57.0,0.5263157894736842,0.0,0.5263157894736842,1.5789473684210527,0.0,0.0,6.842105263157895,4.2105263157894735,2.1052631578947367,0.5263157894736842
47380,49,UNK,Marc Cucurella,249.0,3,2.0,1.0,4.0,4.0,0,0,25.0,15.0,6.0,0.0,83.0,0.7228915662650602,0.3614457831325301,1.4457831325301205,1.4457831325301205,0.0,0.0,9.036144578313253,5.421686746987952,2.1686746987951806,0.0
116117,49,UNK,Moisés Caicedo,270.0,3,1.0,1.0,3.0,4.0,1,0,27.0,18.0,12.0,1.0,90.0,0.3333333333333333,0.3333333333333333,1.0,1.3333333333333333,0.3333333333333333,0.0,9.0,6.0,4.0,0.3333333333333333
1864,49,UNK,Pedro Neto,261.0,3,1.0,1.0,0.0,2.0,0,0,20.0,10.0,2.0,10.0,87.0,0.3448275862068966,0.3448275862068966,0.0,0.6896551724137931,0.0,0.0,6.896551724137931,3.4482758620689653,0.6896551724137931,3.4482758620689653
19545,49,UNK,Reece James,110.0,3,1.0,1.0,3.0,2.0,1,0,10.0,5.0,1.0,0.0,36.666666666666664,0.8181818181818182,0.8181818181818182,2.4545454545454546,1.6363636363636365,0.8181818181818182,0.0,8.181818181818182,4.090909090909091,0.8181818181818182,0.0
18959,49,UNK,Robert Sánchez,270.0,3,0.0,0.0,0.0,0.0,0,0,2.0,1.0,0.0,0.0,90.0,0.0,0.0,0.0,0.0,0.0,0.0,0.6666666666666666,0.3333333333333333,0.0,0.0
19145,49,UNK,Tosin Adarabioyo,180.0,2,0.0,0.0,2.0,0.0,0,0,24.0,16.0,5.0,0.0,90.0,0.0,0.0,1.0,0.0,0.0,0.0,12.0,8.0,2.5,0.0
19720,49,UNK,Trevoh Chalobah,249.0,3,3.0,1.0,2.0,4.0,0,0,29.0,21.0,7.0,3.0,83.0,1.0843373493975903,0.3614457831325301,0.7228915662650602,1.4457831325301205,0.0,0.0,10.481927710843374,7.590361445783133,2.5301204819277108,1.0843373493975903
334037,49,UNK,Tyrique George,67.0,1,1.0,1.0,0.0,1.0,0,0,5.0,2.0,0.0,2.0,67.0,1.3432835820895523,1.3432835820895523,0.0,1.3432835820895523,0.0,0.0,6.7164179104477615,2.6865671641791047,0.0,2.6865671641791047
22094,49,UNK,Wesley Fofana,22.0,1,0.0,0.0,1.0,1.0,0,0,6.0,2.0,1.0,0.0,22.0,0.0,0.0,4.090909090909091,4.090909090909091,0.0,0.0,24.545454545454547,8.181818181818182,4.090909090909091,0.0
360114,50,UNK,Abdukodir Khusanov,94.0,2,0.0,0.0,1.0,3.0,1,0,12.0,9.0,5.0,1.0,47.0,0.0,0.0,0.9574468085106383,2.872340425531915,0.9574468085106383,0.0,11.48936170212766,8.617021276595745,4.787234042553192,0.9574468085106383
636,50,UNK,Bernardo Silva,175.0,3,0.0,0.0,4.0,1.0,0,0,23.0,6.0,5.0,1.0,58.333333333333336,0.0,0.0,2.057142857142857,0.5142857142857142,0.0,0.0,11.82857142857143,3.085714285714286,2.5714285714285716,0.5142857142857142
617,50,UNK,Ederson,0.0,0,0.0,0.0,0.0,0.0,0,0,0.0,0.0,0.0,0.0,0.0,0.0,0.0,0.0,0.0,0.0,0.0,0.0,0.0,0.0,0.0
1100,50,UNK,Erling Haaland,253.0,3,14.0,5.0,3.0,1.0,0,0,17.0,12.0,1.0,2.0,84.33333333333333,4.980237154150197,1.7786561264822134,1.0671936758893281,0.3557312252964427,0.0,0.0,6.047430830039525,4.2687747035573125,0.3557312252964427,0.7114624505928854
162489,50,UNK,James Trafford,270.0,3,0.0,0.0,0.0,1.0,0,0,5.0,5.0,2.0,1.0,90.0,0.0,0.0,0.0,0.3333333333333333,0.0,0.0,1.6666666666666667,1.6666666666666667,0.6666666666666666,0.3333333333333333
626,50,UNK,John Stones,262.0,3,0.0,0.0,0.0,0.0,0,0,12.0,10.0,0.0,2.0,87.33333333333333,0.0,0.0,0.0,0.0,0.0,0.0,4.122137404580153,3.435114503816794,0.0,0.6870229007633588
1422,50,UNK,Jérémy Doku,121.0,3,0.0,0.0,3.0,1.0,0,0,16.0,4.0,0.0,7.0,40.333333333333336,0.0,0.0,2.231404958677686,0.743801652892562,0.0,0.0,11.900826446280991,2.975206611570248,0.0,5.206611570247934
5,50,UNK,Manuel Akanji,0.0,0,0.0,0.0,0.0,0.0,0,0,0.0,0.0,0.0,0.0,0.0,0.0,0.0,0.0,0.0,0.0,0.0,0.0,0.0,0.0,0.0
41621,50,UNK,Matheus Nunes,110.0,2,0.0,0.0,1.0,1.0,0,0,8.0,6.0,1.0,1.0,55.0,0.0,0.0,0.8181818181818182,0.8181818181818182,0.0,0.0,6.545454545454546,4.909090909090909,0.8181818181818182,0.8181818181818182
18861,50,UNK,Nathan Aké,68.0,1,0.0,0.0,0.0,2.0,0,0,5.0,3.0,1.0,1.0,68.0,0.0,0.0,0.0,2.6470588235294117,0.0,0.0,6.617647058823529,3.9705882352941178,1.3235294117647058,1.3235294117647058
161933,50,UNK,Nico González,165.0,2,0.0,0.0,2.0,4.0,1,0,26.0,19.0,6.0,5.0,82.5,0.0,0.0,1.0909090909090908,2.1818181818181817,0.5454545454545454,0.0,14.181818181818182,10.363636363636363,3.272727272727273,2.727272727272727
307123,50,UNK,Nico O'Reilly,43.0,2,0.0,0.0,0.0,0.0,1,0,8.0,4.0,2.0,2.0,21.5,0.0,0.0,0.0,0.0,2.0930232558139537,0.0,16.74418604651163,8.372093023255815,4.186046511627907,4.186046511627907
81573,50,UNK,Omar Marmoush,151.0,3,4.0,2.0,1.0,5.0,0,0,25.0,14.0,3.0,7.0,50.333333333333336,2.384105960264901,1.1920529801324504,0.5960264900662252,2.980132450331126,0.0,0.0,14.900662251655628,8.344370860927153,1.7880794701986755,4.172185430463577
278133,50,UNK,Oscar Bobb,255.0,3,1.0,0.0,3.0,8.0,0,0,35.0,19.0,4.0,13.0,85.0,0.35294117647058826,0.0,1.0588235294117647,2.823529411764706,0.0,0.0,12.352941176470589,6.705882352941177,1.411764705882353,4.588235294117647
631,50,UNK,Phil Foden,16.0,1,1.0,1.0,0.0,1.0,0,0,1.0,1.0,0.0,0.0,16.0,5.625,5.625,0.0,5.625,0.0,0.0,5.625,5.625,0.0,0.0
21138,50,UNK,Rayan Aït-Nouri,203.0,3,1.0,0.0,4.0,1.0,1,0,31.0,14.0,9.0,6.0,67.66666666666667,0.4433497536945813,0.0,1.7733990147783252,0.4433497536945813,0.4433497536945813,0.0,13.74384236453202,6.206896551724138,3.9901477832512313,2.6600985221674875
156477,50,UNK,Rayan Cherki,72.0,2,1.0,1.0,1.0,0.0,0,0,13.0,5.0,4.0,3.0,36.0,1.25,1.25,1.25,0.0,0.0,0.0,16.25,6.25,5.0,3.75
284230,50,UNK,Rico Lewis,170.0,3,1.0,0.0,1.0,3.0,0,0,13.0,6.0,3.0,0.0,56.666666666666664,0.5294117647058824,0.0,0.5294117647058824,1.588235294117647,0.0,0.0,6.882352941176471,3.176470588235294,1.588235294117647,0.0
44,50,UNK,Rodri,106.0,2,2.0,1.0,1.0,3.0,0,0,14.0,10.0,2.0,3.0,53.0,1.6981132075471699,0.8490566037735849,0.8490566037735849,2.547169811320755,0.0,0.0,11.88679245283019,8.49056603773585,1.6981132075471699,2.547169811320755
567,50,UNK,Rúben Dias,194.0,3,0.0,0.0,0.0,0.0,0,0,11.0,6.0,2.0,2.0,64.66666666666667,0.0,0.0,0.0,0.0,0.0,0.0,5.103092783505154,2.783505154639175,0.9278350515463918,0.9278350515463918
25004,50,UNK,Stefan Ortega,0.0,0,0.0,0.0,0.0,0.0,0,0,0.0,0.0,0.0,0.0,0.0,0.0,0.0,0.0,0.0,0.0,0.0,0.0,0.0,0.0,0.0
36902,50,UNK,Tijjani Reijnders,270.0,3,4.0,1.0,3.0,5.0,1,0,25.0,11.0,3.0,6.0,90.0,1.3333333333333333,0.3333333333333333,1.0,1.6666666666666667,0.3333333333333333,0.0,8.333333333333334,3.6666666666666665,1.0,2.0
633,50,UNK,İlkay Gündoğan,0.0,0,0.0,0.0,0.0,0.0,0,0,0.0,0.0,0.0,0.0,0.0,0.0,0.0,0.0,0.0,0.0,0.0,0.0,0.0,0.0,0.0
129058,51,UNK,Bart Verbruggen,270.0,3,0.0,0.0,0.0,0.0,0,0,0.0,0.0,0.0,0.0,90.0,0.0,0.0,0.0,0.0,0.0,0.0,0.0,0.0,0.0,0.0
328225,51,UNK,Brajan Gruda,50.0,3,4.0,2.0,1.0,1.0,0,0,13.0,6.0,1.0,5.0,16.666666666666668,7.2,3.6,1.8,1.8,0.0,0.0,23.4,10.8,1.8,9.0
356041,51,UNK,Carlos Baleba,174.0,3,1.0,0.0,3.0,2.0,0,0,18.0,8.0,1.0,0.0,58.0,0.5172413793103449,0.0,1.5517241379310345,1.0344827586206897,0.0,0.0,9.310344827586206,4.137931034482759,0.5172413793103449,0.0
1469,51,UNK,Danny Welbeck,173.0,3,2.0,1.0,4.0,0.0,0,0,10.0,1.0,1.0,0.0,57.666666666666664,1.0404624277456647,0.5202312138728323,2.0809248554913293,0.0,0.0,0.0,5.202312138728324,0.5202312138728323,0.5202312138728323,0.0
342063,51,UNK,Diego Coppola,1.0,1,0.0,0.0,0.0,0.0,0,0,0.0,0.0,0.0,0.0,1.0,0.0,0.0,0.0,0.0,0.0,0.0,0.0,0.0,0.0,0.0
278370,51,UNK,Diego Gómez,107.0,3,1.0,1.0,4.0,2.0,1,0,21.0,8.0,5.0,2.0,35.666666666666664,0.8411214953271028,0.8411214953271028,3.364485981308411,1.6822429906542056,0.8411214953271028,0.0,17.66355140186916,6.728971962616822,4.205607476635514,1.6822429906542056
1361,51,UNK,Ferdi Kadıoğlu,46.0,2,0.0,0.0,3.0,1.0,2,0,7.0,2.0,0.0,0.0,23.0,0.0,0.0,5.869565217391305,1.9565217391304348,3.9130434782608696,0.0,13.695652173913043,3.9130434782608696,0.0,0.0
90590,51,UNK,Georginio Rutter,98.0,2,2.0,2.0,2.0,3.0,0,0,13.0,5.0,1.0,2.0,49.0,1.836734693877551,1.836734693877551,1.836734693877551,2.7551020408163267,0.0,0.0,11.938775510204081,4.591836734693878,0.9183673469387755,1.836734693877551
305730,51,UNK,Jack Hinshelwood,106.0,2,0.0,0.0,2.0,1.0,0,0,9.0,6.0,3.0,0.0,53.0,0.0,0.0,1.6981132075471699,0.8490566037735849,0.0,0.0,7.6415094339622645,5.09433962264151,2.547169811320755,0.0
296,51,UNK,James Milner,40.0,2,1.0,1.0,0.0,0.0,0,0,5.0,2.0,1.0,0.0,20.0,2.25,2.25,0.0,0.0,0.0,0.0,11.25,4.5,2.25,0.0
38695,51,UNK,Jan Paul van Hecke,270.0,3,1.0,1.0,1.0,1.0,1,0,25.0,12.0,2.0,0.0,90.0,0.3333333333333333,0.3333333333333333,0.3333333333333333,0.3333333333333333,0.3333333333333333,0.0,8.333333333333334,4.0,0.6666666666666666,0.0
18960,51,UNK,Jason Steele,0.0,0,0.0,0.0,0.0,0.0,0,0,0.0,0.0,0.0,0.0,0.0,0.0,0.0,0.0,0.0,0.0,0.0,0.0,0.0,0.0,0.0
537,51,UNK,Joël Veltman,90.0,1,0.0,0.0,1.0,4.0,1,0,9.0,7.0,3.0,0.0,90.0,0.0,0.0,1.0,4.0,1.0,0.0,9.0,7.0,3.0,0.0
106835,51,UNK,Kaoru Mitoma,263.0,3,3.0,1.0,10.0,0.0,1,0,31.0,6.0,3.0,7.0,87.66666666666667,1.026615969581749,0.34220532319391633,3.4220532319391634,0.0,0.34220532319391633,0.0,10.608365019011407,2.053231939163498,1.026615969581749,2.3954372623574143
18963,51,UNK,Lewis Dunk,270.0,3,2.0,0.0,1.0,3.0,0,0,19.0,14.0,3.0,1.0,90.0,0.6666666666666666,0.0,0.3333333333333333,1.0,0.0,0.0,6.333333333333333,4.666666666666667,1.0,0.3333333333333333
92993,51,UNK,Mats Wieffer,175.0,2,1.0,1.0,2.0,0.0,1,0,31.0,19.0,12.0,1.0,87.5,0.5142857142857142,0.5142857142857142,1.0285714285714285,0.0,0.5142857142857142,0.0,15.942857142857143,9.771428571428572,6.171428571428572,0.5142857142857142
19030,51,UNK,Matt O'Riley,178.0,2,4.0,2.0,1.0,0.0,0,0,15.0,5.0,4.0,1.0,89.0,2.0224719101123596,1.0112359550561798,0.5056179775280899,0.0,0.0,0.0,7.584269662921348,2.5280898876404496,2.0224719101123596,0.5056179775280899
162007,51,UNK,Maxim De Cuyper,247.0,3,0.0,0.0,6.0,6.0,1,0,29.0,12.0,4.0,3.0,82.33333333333333,0.0,0.0,2.1862348178137654,2.1862348178137654,0.3643724696356275,0.0,10.566801619433198,4.372469635627531,1.45748987854251,1.0931174089068827
22160,51,UNK,Olivier Boscagli,0.0,0,0.0,0.0,0.0,0.0,0,0,0.0,0.0,0.0,0.0,0.0,0.0,0.0,0.0,0.0,0.0,0.0,0.0,0.0,0.0,0.0
383685,51,UNK,Yankuba Minteh,248.0,3,3.0,1.0,3.0,3.0,0,0,36.0,20.0,4.0,14.0,82.66666666666667,1.0887096774193548,0.3629032258064516,1.0887096774193548,1.0887096774193548,0.0,0.0,13.064516129032258,7.258064516129032,1.4516129032258065,5.080645161290323
265820,51,UNK,Yasin Ayari,186.0,3,2.0,2.0,3.0,7.0,0,0,26.0,12.0,5.0,2.0,62.0,0.967741935483871,0.967741935483871,1.4516129032258065,3.3870967741935485,0.0,0.0,12.580645161290322,5.806451612903226,2.4193548387096775,0.967741935483871
288102,52,UNK,Adam Wharton,228.0,3,0.0,0.0,0.0,1.0,0,0,18.0,6.0,1.0,3.0,76.0,0.0,0.0,0.0,0.39473684210526316,0.0,0.0,7.105263157894737,2.3684210526315788,0.39473684210526316,1.1842105263157894
26303,52,UNK,Borna Sosa,0.0,0,0.0,0.0,0.0,0.0,0,0,0.0,0.0,0.0,0.0,0.0,0.0,0.0,0.0,0.0,0.0,0.0,0.0,0.0,0.0,0.0
126949,52,UNK,Chris Richards,270.0,3,1.0,0.0,2.0,0.0,0,0,18.0,15.0,7.0,0.0,90.0,0.3333333333333333,0.0,0.6666666666666666,0.0,0.0,0.0,6.0,5.0,2.3333333333333335,0.0
2601,52,UNK,Daichi Kamada,86.0,1,0.0,0.0,2.0,3.0,0,0,11.0,7.0,3.0,1.0,86.0,0.0,0.0,2.0930232558139537,3.13953488372093,0.0,0.0,11.511627906976743,7.325581395348837,3.13953488372093,1.0465116279069768
13736,52,UNK,Daniel Muñoz,270.0,3,1.0,0.0,5.0,3.0,1,0,29.0,16.0,8.0,3.0,90.0,0.3333333333333333,0.0,1.6666666666666667,1.0,0.3333333333333333,0.0,9.666666666666666,5.333333333333333,2.6666666666666665,1.0
19088,52,UNK,Dean Henderson,270.0,3,0.0,0.0,0.0,0.0,0,0,1.0,1.0,0.0,0.0,90.0,0.0,0.0,0.0,0.0,0.0,0.0,0.3333333333333333,0.3333333333333333,0.0,0.0
19586,52,UNK,Eberechi Eze,84.0,1,3.0,2.0,2.0,1.0,0,0,9.0,4.0,1.0,3.0,84.0,3.2142857142857144,2.142857142857143,2.142857142857143,1.0714285714285714,0.0,0.0,9.642857142857142,4.285714285714286,1.0714285714285714,3.2142857142857144
2218,52,UNK,Ismaïla Sarr,270.0,3,3.0,2.0,5.0,4.0,1,0,33.0,10.0,3.0,3.0,90.0,1.0,0.6666666666666666,1.6666666666666667,1.3333333333333333,0.3333333333333333,0.0,11.0,3.3333333333333335,1.0,1.0
25927,52,UNK,Jean-Philippe Mateta,263.0,3,5.0,4.0,2.0,4.0,2,0,29.0,10.0,1.0,1.0,87.66666666666667,1.7110266159695817,1.3688212927756653,0.6844106463878327,1.3688212927756653,0.6844106463878327,0.0,9.923954372623575,3.4220532319391634,0.34220532319391633,0.34220532319391633
2490,52,UNK,Jefferson Lerma,64.0,3,1.0,1.0,2.0,1.0,0,0,8.0,4.0,1.0,0.0,21.333333333333332,1.40625,1.40625,2.8125,1.40625,0.0,0.0,11.25,5.625,1.40625,0.0
284449,52,UNK,Jesurun Rak-Sakyi,0.0,0,0.0,0.0,0.0,0.0,0,0,0.0,0.0,0.0,0.0,0.0,0.0,0.0,0.0,0.0,0.0,0.0,0.0,0.0,0.0,0.0
286458,52,UNK,Justin Devenny,92.0,3,1.0,1.0,2.0,1.0,0,0,14.0,5.0,4.0,1.0,30.666666666666668,0.9782608695652174,0.9782608695652174,1.9565217391304348,0.9782608695652174,0.0,0.0,13.695652173913043,4.891304347826087,3.9130434782608696,0.9782608695652174
301295,52,UNK,Kaden Rodney,0.0,0,0.0,0.0,0.0,0.0,0,0,0.0,0.0,0.0,0.0,0.0,0.0,0.0,0.0,0.0,0.0,0.0,0.0,0.0,0.0,0.0
67971,52,UNK,Marc Guéhi,270.0,3,2.0,1.0,1.0,2.0,0,0,16.0,12.0,5.0,0.0,90.0,0.6666666666666666,0.3333333333333333,0.3333333333333333,0.6666666666666666,0.0,0.0,5.333333333333333,4.0,1.6666666666666667,0.0
20995,52,UNK,Maxence Lacroix,270.0,3,1.0,1.0,5.0,0.0,1,0,29.0,19.0,6.0,1.0,90.0,0.3333333333333333,0.3333333333333333,1.6666666666666667,0.0,0.3333333333333333,0.0,9.666666666666666,6.333333333333333,2.0,0.3333333333333333
18862,52,UNK,Nathaniel Clyne,12.0,1,0.0,0.0,0.0,0.0,0,0,1.0,1.0,1.0,0.0,12.0,0.0,0.0,0.0,0.0,0.0,0.0,7.5,7.5,7.5,0.0
1135,52,UNK,Odsonne Édouard,8.0,1,0.0,0.0,0.0,1.0,0,0,4.0,2.0,1.0,0.0,8.0,0.0,0.0,0.0,11.25,0.0,0.0,45.0,22.5,11.25,0.0
19684,52,UNK,Remi Matthews,0.0,0,0.0,0.0,0.0,0.0,0,0,0.0,0.0,0.0,0.0,0.0,0.0,0.0,0.0,0.0,0.0,0.0,0.0,0.0,0.0,0.0
380703,52,UNK,Rio Cardines,0.0,0,0.0,0.0,0.0,0.0,0,0,0.0,0.0,0.0,0.0,0.0,0.0,0.0,0.0,0.0,0.0,0.0,0.0,0.0,0.0,0.0
402640,52,UNK,Romain Esse,25.0,1,0.0,0.0,1.0,2.0,0,0,8.0,5.0,2.0,1.0,25.0,0.0,0.0,3.6,7.2,0.0,0.0,28.8,18.0,7.2,3.6
182201,52,UNK,Tyrick Mitchell,270.0,3,0.0,0.0,0.0,0.0,1,0,25.0,16.0,14.0,2.0,90.0,0.0,0.0,0.0,0.0,0.3333333333333333,0.0,8.333333333333334,5.333333333333333,4.666666666666667,0.6666666666666666
22157,52,UNK,Walter Benítez,0.0,0,0.0,0.0,0.0,0.0,0,0,0.0,0.0,0.0,0.0,0.0,0.0,0.0,0.0,0.0,0.0,0.0,0.0,0.0,0.0,0.0
18806,52,UNK,Will Hughes,231.0,3,2.0,0.0,5.0,4.0,3,0,18.0,8.0,4.0,1.0,77.0,0.7792207792207793,0.0,1.948051948051948,1.5584415584415585,1.1688311688311688,0.0,7.012987012987013,3.116883116883117,1.5584415584415585,0.38961038961038963
184226,52,UNK,Yéremy Pino,19.0,1,0.0,0.0,3.0,1.0,0,0,7.0,3.0,0.0,2.0,19.0,0.0,0.0,14.210526315789474,4.7368421052631575,0.0,0.0,33.1578947368421,14.210526315789474,0.0,9.473684210526315
44871,55,UNK,Aaron Hickey,20.0,2,0.0,0.0,1.0,2.0,1,0,8.0,6.0,3.0,0.0,10.0,0.0,0.0,4.5,9.0,4.5,0.0,36.0,27.0,13.5,0.0
319517,55,UNK,Antoni Milambo,45.0,1,0.0,0.0,0.0,0.0,0,0,4.0,4.0,2.0,0.0,45.0,0.0,0.0,0.0,0.0,0.0,0.0,8.0,8.0,4.0,0.0
430827,55,UNK,Benjamin Arthur,0.0,0,0.0,0.0,0.0,0.0,0,0,0.0,0.0,0.0,0.0,0.0,0.0,0.0,0.0,0.0,0.0,0.0,0.0,0.0,0.0,0.0
281,55,UNK,Caoimhin Kelleher,270.0,3,0.0,0.0,0.0,0.0,1,0,2.0,0.0,0.0,0.0,90.0,0.0,0.0,0.0,0.0,0.3333333333333333,0.0,0.6666666666666666,0.0,0.0,0.0
284797,55,UNK,Dango Ouattara,174.0,2,3.0,3.0,5.0,3.0,0,0,29.0,13.0,4.0,8.0,87.0,1.5517241379310345,1.5517241379310345,2.586206896551724,1.5517241379310345,0.0,0.0,15.0,6.724137931034483,2.0689655172413794,4.137931034482759
19789,55,UNK,Ethan Pinnock,0.0,0,0.0,0.0,0.0,0.0,0,0,0.0,0.0,0.0,0.0,0.0,0.0,0.0,0.0,0.0,0.0,0.0,0.0,0.0,0.0,0.0
153066,55,UNK,Fabio Carvalho,100.0,2,1.0,0.0,0.0,0.0,0,0,9.0,3.0,3.0,2.0,50.0,0.9,0.0,0.0,0.0,0.0,0.0,8.1,2.7,2.7,1.8
15799,55,UNK,Frank Onyeka,63.0,3,0.0,0.0,2.0,3.0,0,0,11.0,5.0,1.0,2.0,21.0,0.0,0.0,2.857142857142857,4.285714285714286,0.0,0.0,15.714285714285714,7.142857142857143,1.4285714285714286,2.857142857142857
61742,55,UNK,Hákon Rafn Valdimarsson,0.0,0,0.0,0.0,0.0,0.0,0,0,0.0,0.0,0.0,0.0,0.0,0.0,0.0,0.0,0.0,0.0,0.0,0.0,0.0,0.0,0.0
196156,55,UNK,Igor Thiago,270.0,3,4.0,2.0,9.0,0.0,1,0,53.0,18.0,3.0,5.0,90.0,1.3333333333333333,0.6666666666666666,3.0,0.0,0.3333333333333333,0.0,17.666666666666668,6.0,1.0,1.6666666666666667
292,55,UNK,Jordan Henderson,162.0,3,0.0,0.0,3.0,1.0,0,0,10.0,3.0,2.0,1.0,54.0,0.0,0.0,1.6666666666666667,0.5555555555555556,0.0,0.0,5.555555555555555,1.6666666666666667,1.1111111111111112,0.5555555555555556
106725,55,UNK,Keane Lewis-Potter,231.0,3,2.0,0.0,1.0,3.0,0,0,22.0,11.0,5.0,3.0,77.0,0.7792207792207793,0.0,0.38961038961038963,1.1688311688311688,0.0,0.0,8.571428571428571,4.285714285714286,1.948051948051948,1.1688311688311688
178077,55,UNK,Kevin Schade,213.0,3,3.0,1.0,2.0,2.0,0,0,37.0,16.0,5.0,5.0,71.0,1.267605633802817,0.4225352112676056,0.8450704225352113,0.8450704225352113,0.0,0.0,15.633802816901408,6.76056338028169,2.112676056338028,2.112676056338028
1119,55,UNK,Kristoffer Ajer,11.0,1,0.0,0.0,0.0,0.0,0,0,0.0,0.0,0.0,0.0,11.0,0.0,0.0,0.0,0.0,0.0,0.0,0.0,0.0,0.0,0.0
15745,55,UNK,Mads Roerslev,0.0,0,0.0,0.0,0.0,0.0,0,0,0.0,0.0,0.0,0.0,0.0,0.0,0.0,0.0,0.0,0.0,0.0,0.0,0.0,0.0,0.0
47438,55,UNK,Mathias Jensen,81.0,2,1.0,0.0,0.0,0.0,0,0,5.0,4.0,3.0,0.0,40.5,1.1111111111111112,0.0,0.0,0.0,0.0,0.0,5.555555555555555,4.444444444444445,3.3333333333333335,0.0
342022,55,UNK,Michael Kayode,265.0,3,0.0,0.0,3.0,1.0,0,0,24.0,15.0,8.0,6.0,88.33333333333333,0.0,0.0,1.0188679245283019,0.33962264150943394,0.0,0.0,8.150943396226415,5.09433962264151,2.7169811320754715,2.0377358490566038
15908,55,UNK,Mikkel Damsgaard,180.0,2,1.0,0.0,2.0,3.0,0,0,25.0,10.0,4.0,7.0,90.0,0.5,0.0,1.0,1.5,0.0,0.0,12.5,5.0,2.0,3.5
180308,55,UNK,Myles Peart-Harris,0.0,0,0.0,0.0,0.0,0.0,0,0,0.0,0.0,0.0,0.0,0.0,0.0,0.0,0.0,0.0,0.0,0.0,0.0,0.0,0.0,0.0
19495,55,UNK,Nathan Collins,270.0,3,0.0,0.0,3.0,4.0,1,0,20.0,12.0,2.0,0.0,90.0,0.0,0.0,1.0,1.3333333333333333,0.3333333333333333,0.0,6.666666666666667,4.0,0.6666666666666666,0.0
19346,55,UNK,Rico Henry,118.0,3,0.0,0.0,1.0,1.0,1,0,10.0,7.0,2.0,4.0,39.333333333333336,0.0,0.0,0.7627118644067796,0.7627118644067796,0.7627118644067796,0.0,7.627118644067797,5.338983050847458,1.5254237288135593,3.0508474576271185
36922,55,UNK,Sepp van den Berg,270.0,3,1.0,1.0,1.0,1.0,0,0,24.0,14.0,2.0,0.0,90.0,0.3333333333333333,0.3333333333333333,0.3333333333333333,0.3333333333333333,0.0,0.0,8.0,4.666666666666667,0.6666666666666666,0.0
263538,55,UNK,Yehor Yarmolyuk,259.0,3,3.0,2.0,5.0,0.0,0,0,25.0,10.0,7.0,5.0,86.33333333333333,1.0424710424710424,0.694980694980695,1.7374517374517375,0.0,0.0,0.0,8.687258687258687,3.474903474903475,2.4324324324324325,1.7374517374517375
177665,63,UNK,Anton Stach,270.0,3,5.0,1.0,6.0,5.0,0,0,25.0,15.0,6.0,4.0,90.0,1.6666666666666667,0.3333333333333333,2.0,1.6666666666666667,0.0,0.0,8.333333333333334,5.0,2.0,1.3333333333333333
32966,63,UNK,Ao Tanaka,147.0,2,2.0,0.0,1.0,2.0,0,0,13.0,2.0,0.0,1.0,73.5,1.2244897959183674,0.0,0.6122448979591837,1.2244897959183674,0.0,0.0,7.959183673469388,1.2244897959183674,0.0,0.6122448979591837
50739,63,UNK,Brenden Aaronson,79.0,3,0.0,0.0,2.0,2.0,0,0,14.0,9.0,4.0,3.0,26.333333333333332,0.0,0.0,2.278481012658228,2.278481012658228,0.0,0.0,15.949367088607595,10.253164556962025,4.556962025316456,3.4177215189873418
19329,63,UNK,Daniel James,204.0,3,1.0,0.0,0.0,3.0,0,0,9.0,6.0,1.0,3.0,68.0,0.4411764705882353,0.0,0.0,1.3235294117647058,0.0,0.0,3.9705882352941178,2.6470588235294117,0.4411764705882353,1.3235294117647058
18766,63,UNK,Dominic Calvert-Lewin,20.0,1,2.0,1.0,0.0,0.0,0,0,5.0,1.0,0.0,0.0,20.0,9.0,4.5,0.0,0.0,0.0,0.0,22.5,4.5,0.0,0.0
2279,63,UNK,Ethan Ampadu,78.0,1,0.0,0.0,1.0,1.0,0,0,8.0,6.0,3.0,0.0,78.0,0.0,0.0,1.1538461538461537,1.1538461538461537,0.0,0.0,9.23076923076923,6.923076923076923,3.4615384615384617,0.0
47969,63,UNK,Gabriel Gudmundsson,260.0,3,0.0,0.0,3.0,1.0,1,0,26.0,13.0,6.0,8.0,86.66666666666667,0.0,0.0,1.0384615384615385,0.34615384615384615,0.34615384615384615,0.0,9.0,4.5,2.076923076923077,2.769230769230769
129142,63,UNK,Ilia Gruev,193.0,3,0.0,0.0,0.0,0.0,0,0,12.0,5.0,4.0,1.0,64.33333333333333,0.0,0.0,0.0,0.0,0.0,0.0,5.595854922279793,2.33160621761658,1.8652849740932642,0.46632124352331605
19128,63,UNK,Jack Harrison,43.0,2,0.0,0.0,0.0,2.0,0,0,7.0,7.0,2.0,2.0,21.5,0.0,0.0,0.0,4.186046511627907,0.0,0.0,14.651162790697674,14.651162790697674,4.186046511627907,4.186046511627907
833,63,UNK,Jaka Bijol,0.0,0,0.0,0.0,0.0,0.0,0,0,0.0,0.0,0.0,0.0,0.0,0.0,0.0,0.0,0.0,0.0,0.0,0.0,0.0,0.0,0.0
19760,63,UNK,James Justin,10.0,1,0.0,0.0,0.0,0.0,0,0,1.0,0.0,0.0,0.0,10.0,0.0,0.0,0.0,0.0,0.0,0.0,9.0,0.0,0.0,0.0
19201,63,UNK,Jayden Bogle,263.0,3,1.0,0.0,5.0,2.0,1,0,28.0,13.0,5.0,8.0,87.66666666666667,0.34220532319391633,0.0,1.7110266159695817,0.6844106463878327,0.34220532319391633,0.0,9.581749049429657,4.448669201520913,1.7110266159695817,2.7376425855513307
19321,63,UNK,Joe Rodon,270.0,3,0.0,0.0,2.0,5.0,0,0,22.0,13.0,2.0,1.0,90.0,0.0,0.0,0.6666666666666666,1.6666666666666667,0.0,0.0,7.333333333333333,4.333333333333333,0.6666666666666666,0.3333333333333333
250,63,UNK,Joël Piroe,136.0,2,1.0,1.0,1.0,0.0,0,0,11.0,1.0,0.0,0.0,68.0,0.6617647058823529,0.6617647058823529,0.6617647058823529,0.0,0.0,0.0,7.279411764705882,0.6617647058823529,0.0,0.0
18885,63,UNK,Karl Darlow,0.0,0,0.0,0.0,0.0,0.0,0,0,0.0,0.0,0.0,0.0,0.0,0.0,0.0,0.0,0.0,0.0,0.0,0.0,0.0,0.0,0.0
138776,63,UNK,Largie Ramazani,0.0,0,0.0,0.0,0.0,0.0,0,0,0.0,0.0,0.0,0.0,0.0,0.0,0.0,0.0,0.0,0.0,0.0,0.0,0.0,0.0,0.0
80296,63,UNK,Lucas Perri,270.0,3,0.0,0.0,0.0,0.0,0,0,2.0,2.0,0.0,0.0,90.0,0.0,0.0,0.0,0.0,0.0,0.0,0.6666666666666666,0.6666666666666666,0.0,0.0
19461,63,UNK,Lukas Nmecha,116.0,3,1.0,1.0,2.0,4.0,0,0,15.0,6.0,0.0,0.0,38.666666666666664,0.7758620689655172,0.7758620689655172,1.5517241379310345,3.103448275862069,0.0,0.0,11.637931034482758,4.655172413793103,0.0,0.0
48389,63,UNK,Noah Okafor,25.0,1,0.0,0.0,0.0,0.0,0,0,6.0,2.0,2.0,1.0,25.0,0.0,0.0,0.0,0.0,0.0,0.0,21.6,7.2,7.2,3.6
64003,63,UNK,Pascal Struijk,270.0,3,2.0,1.0,1.0,1.0,0,0,15.0,7.0,2.0,0.0,90.0,0.6666666666666666,0.3333333333333333,0.3333333333333333,0.3333333333333333,0.0,0.0,5.0,2.3333333333333335,0.6666666666666666,0.0
19287,63,UNK,Sam Byram,8.0,1,0.0,0.0,1.0,0.0,0,0,1.0,0.0,0.0,0.0,8.0,0.0,0.0,11.25,0.0,0.0,0.0,11.25,0.0,0.0,0.0
18901,63,UNK,Sean Longstaff,124.0,3,0.0,0.0,1.0,2.0,0,0,16.0,8.0,5.0,1.0,41.333333333333336,0.0,0.0,0.7258064516129032,1.4516129032258065,0.0,0.0,11.612903225806452,5.806451612903226,3.629032258064516,0.7258064516129032
1408,63,UNK,Sebastiaan Bornauw,0.0,0,0.0,0.0,0.0,0.0,0,0,0.0,0.0,0.0,0.0,0.0,0.0,0.0,0.0,0.0,0.0,0.0,0.0,0.0,0.0,0.0
162128,63,UNK,Wilfried Gnonto,193.0,3,3.0,0.0,1.0,0.0,1,0,21.0,9.0,8.0,6.0,64.33333333333333,1.3989637305699483,0.0,0.46632124352331605,0.0,0.46632124352331605,0.0,9.792746113989637,4.196891191709844,3.7305699481865284,2.7979274611398965
18933,65,UNK,Angus Gunn,0.0,0,0.0,0.0,0.0,0.0,0,0,0.0,0.0,0.0,0.0,0.0,0.0,0.0,0.0,0.0,0.0,0.0,0.0,0.0,0.0,0.0
147831,65,UNK,Arnaud Kalimuendo,31.0,2,0.0,0.0,0.0,0.0,0,0,2.0,1.0,0.0,1.0,15.5,0.0,0.0,0.0,0.0,0.0,0.0,5.806451612903226,2.903225806451613,0.0,2.903225806451613
2298,65,UNK,Callum Hudson-Odoi,251.0,3,3.0,3.0,2.0,2.0,0,0,15.0,5.0,1.0,7.0,83.66666666666667,1.0756972111553784,1.0756972111553784,0.7171314741035857,0.7171314741035857,0.0,0.0,5.378486055776892,1.792828685258964,0.35856573705179284,2.50996015936255
18931,65,UNK,Chris Wood,240.0,3,7.0,3.0,1.0,2.0,0,0,23.0,8.0,0.0,1.0,80.0,2.625,1.125,0.375,0.75,0.0,0.0,8.625,3.0,0.0,0.375
48648,65,UNK,Dan Ndoye,208.0,3,1.0,1.0,2.0,2.0,0,0,17.0,6.0,2.0,5.0,69.33333333333333,0.4326923076923077,0.4326923076923077,0.8653846153846154,0.8653846153846154,0.0,0.0,7.355769230769231,2.5961538461538463,0.8653846153846154,2.1634615384615383
47522,65,UNK,Douglas Luiz,0.0,0,0.0,0.0,0.0,0.0,0,0,0.0,0.0,0.0,0.0,0.0,0.0,0.0,0.0,0.0,0.0,0.0,0.0,0.0,0.0,0.0
138908,65,UNK,Elliot Anderson,270.0,3,2.0,1.0,2.0,4.0,0,0,49.0,25.0,12.0,8.0,90.0,0.6666666666666666,0.3333333333333333,0.6666666666666666,1.3333333333333333,0.0,0.0,16.333333333333332,8.333333333333334,4.0,2.6666666666666665
22149,65,UNK,Ibrahim Sangaré,267.0,3,2.0,0.0,6.0,1.0,0,0,22.0,9.0,4.0,2.0,89.0,0.6741573033707865,0.0,2.0224719101123596,0.33707865168539325,0.0,0.0,7.415730337078652,3.033707865168539,1.348314606741573,0.6741573033707865
9366,65,UNK,Igor Jesus,37.0,3,1.0,0.0,2.0,0.0,0,0,7.0,2.0,1.0,0.0,12.333333333333334,2.4324324324324325,0.0,4.864864864864865,0.0,0.0,0.0,17.027027027027028,4.864864864864865,2.4324324324324325,0.0
362711,65,UNK,Jair,0.0,0,0.0,0.0,0.0,0.0,0,0,0.0,0.0,0.0,0.0,0.0,0.0,0.0,0.0,0.0,0.0,0.0,0.0,0.0,0.0,0.0
158697,65,UNK,James McAtee,51.0,2,0.0,0.0,1.0,2.0,0,0,9.0,5.0,1.0,2.0,25.5,0.0,0.0,1.7647058823529411,3.5294117647058822,0.0,0.0,15.882352941176471,8.823529411764707,1.7647058823529411,3.5294117647058822
141901,65,UNK,Jota Silva,12.0,1,0.0,0.0,0.0,1.0,0,0,4.0,3.0,2.0,0.0,12.0,0.0,0.0,0.0,7.5,0.0,0.0,30.0,22.5,15.0,0.0
2919,65,UNK,Matz Sels,270.0,3,0.0,0.0,0.0,0.0,1,0,0.0,0.0,0.0,0.0,90.0,0.0,0.0,0.0,0.0,0.3333333333333333,0.0,0.0,0.0,0.0,0.0
67943,65,UNK,Morato,0.0,0,0.0,0.0,0.0,0.0,0,0,0.0,0.0,0.0,0.0,0.0,0.0,0.0,0.0,0.0,0.0,0.0,0.0,0.0,0.0,0.0
18746,65,UNK,Morgan Gibbs-White,256.0,3,4.0,1.0,3.0,4.0,0,0,22.0,13.0,2.0,5.0,85.33333333333333,1.40625,0.3515625,1.0546875,1.40625,0.0,0.0,7.734375,4.5703125,0.703125,1.7578125
363695,65,UNK,Murillo,270.0,3,0.0,0.0,4.0,2.0,1,0,15.0,9.0,2.0,2.0,90.0,0.0,0.0,1.3333333333333333,0.6666666666666666,0.3333333333333333,0.0,5.0,3.0,0.6666666666666666,0.6666666666666666
138780,65,UNK,Neco Williams,270.0,3,0.0,0.0,3.0,6.0,1,0,32.0,21.0,8.0,3.0,90.0,0.0,0.0,1.0,2.0,0.3333333333333333,0.0,10.666666666666666,7.0,2.6666666666666665,1.0
2817,65,UNK,Nikola Milenković,270.0,3,1.0,0.0,1.0,1.0,0,0,19.0,11.0,2.0,0.0,90.0,0.3333333333333333,0.0,0.3333333333333333,0.3333333333333333,0.0,0.0,6.333333333333333,3.6666666666666665,0.6666666666666666,0.0
2771,65,UNK,Ola Aina,270.0,3,0.0,0.0,5.0,3.0,1,0,34.0,16.0,6.0,11.0,90.0,0.0,0.0,1.6666666666666667,1.0,0.3333333333333333,0.0,11.333333333333334,5.333333333333333,2.0,3.6666666666666665
284428,65,UNK,Omari Hutchinson,20.0,2,2.0,0.0,0.0,0.0,0,0,0.0,0.0,0.0,0.0,10.0,9.0,0.0,0.0,0.0,0.0,0.0,0.0,0.0,0.0,0.0
19305,65,UNK,Ryan Yates,20.0,2,0.0,0.0,0.0,1.0,0,0,7.0,6.0,0.0,1.0,10.0,0.0,0.0,0.0,4.5,0.0,0.0,31.5,27.0,0.0,4.5
8598,65,UNK,Taiwo Awoniyi,0.0,0,0.0,0.0,0.0,0.0,0,0,0.0,0.0,0.0,0.0,0.0,0.0,0.0,0.0,0.0,0.0,0.0,0.0,0.0,0.0,0.0
18739,65,UNK,Willy Boly,0.0,0,0.0,0.0,0.0,0.0,0,0,0.0,0.0,0.0,0.0,0.0,0.0,0.0,0.0,0.0,0.0,0.0,0.0,0.0,0.0,0.0
329357,65,UNK,Zach Abbott,0.0,0,0.0,0.0,0.0,0.0,0,0,0.0,0.0,0.0,0.0,0.0,0.0,0.0,0.0,0.0,0.0,0.0,0.0,0.0,0.0,0.0
162714,66,UNK,Amadou Onana,154.0,2,1.0,1.0,1.0,3.0,1,0,15.0,12.0,4.0,2.0,77.0,0.5844155844155844,0.5844155844155844,0.5844155844155844,1.7532467532467533,0.5844155844155844,0.0,8.766233766233766,7.012987012987013,2.3376623376623376,1.1688311688311688
1904,66,UNK,Boubacar Kamara,106.0,2,1.0,1.0,1.0,3.0,1,0,15.0,11.0,3.0,2.0,53.0,0.8490566037735849,0.8490566037735849,0.8490566037735849,2.547169811320755,0.8490566037735849,0.0,12.735849056603774,9.339622641509434,2.547169811320755,1.6981132075471699
453101,66,UNK,Bradley Burrowes,16.0,1,0.0,0.0,0.0,1.0,0,0,3.0,1.0,0.0,1.0,16.0,0.0,0.0,0.0,5.625,0.0,0.0,16.875,5.625,0.0,5.625
249,66,UNK,Donyell Malen,123.0,3,3.0,1.0,0.0,1.0,0,0,7.0,2.0,0.0,4.0,41.0,2.1951219512195124,0.7317073170731707,0.0,0.7317073170731707,0.0,0.0,5.121951219512195,1.4634146341463414,0.0,2.926829268292683
19071,66,UNK,Emiliano Buendía,105.0,2,3.0,0.0,2.0,2.0,0,0,20.0,8.0,4.0,1.0,52.5,2.5714285714285716,0.0,1.7142857142857142,1.7142857142857142,0.0,0.0,17.142857142857142,6.857142857142857,3.4285714285714284,0.8571428571428571
19599,66,UNK,Emiliano Martínez,90.0,1,0.0,0.0,0.0,1.0,0,0,1.0,1.0,0.0,0.0,90.0,0.0,0.0,0.0,1.0,0.0,0.0,1.0,1.0,0.0,0.0
137303,66,UNK,Evann Guessand,61.0,2,1.0,1.0,1.0,1.0,0,0,16.0,4.0,2.0,6.0,30.5,1.4754098360655739,1.4754098360655739,1.4754098360655739,1.4754098360655739,0.0,0.0,23.60655737704918,5.901639344262295,2.9508196721311477,8.852459016393443
19354,66,UNK,Ezri Konsa,156.0,2,0.0,0.0,2.0,2.0,0,1,8.0,5.0,0.0,1.0,78.0,0.0,0.0,1.1538461538461537,1.1538461538461537,0.0,0.5769230769230769,4.615384615384615,2.8846153846153846,0.0,0.5769230769230769
138816,66,UNK,Ian Maatsen,111.0,2,0.0,0.0,1.0,0.0,0,0,8.0,4.0,1.0,0.0,55.5,0.0,0.0,0.8108108108108109,0.0,0.0,0.0,6.486486486486487,3.2432432432432434,0.8108108108108109,0.0
360268,66,UNK,Jamaldeen Jimoh,0.0,0,0.0,0.0,0.0,0.0,0,0,0.0,0.0,0.0,0.0,0.0,0.0,0.0,0.0,0.0,0.0,0.0,0.0,0.0,0.0,0.0
284390,66,UNK,James Wright,0.0,0,0.0,0.0,0.0,0.0,0,0,0.0,0.0,0.0,0.0,0.0,0.0,0.0,0.0,0.0,0.0,0.0,0.0,0.0,0.0,0.0
19191,66,UNK,John McGinn,232.0,3,1.0,1.0,5.0,3.0,0,0,30.0,11.0,2.0,9.0,77.33333333333333,0.3879310344827586,0.3879310344827586,1.9396551724137931,1.1637931034482758,0.0,0.0,11.637931034482758,4.267241379310345,0.7758620689655172,3.4913793103448274
284457,66,UNK,Lamare Bogarde,30.0,2,0.0,0.0,2.0,0.0,1,0,4.0,0.0,0.0,0.0,15.0,0.0,0.0,6.0,0.0,3.0,0.0,12.0,0.0,0.0,0.0
2724,66,UNK,Lucas Digne,169.0,3,0.0,0.0,2.0,2.0,0,0,16.0,7.0,3.0,1.0,56.333333333333336,0.0,0.0,1.0650887573964498,1.0650887573964498,0.0,0.0,8.520710059171599,3.727810650887574,1.5976331360946745,0.5325443786982249
36878,66,UNK,Marco Bizot,180.0,2,0.0,0.0,1.0,0.0,1,0,1.0,0.0,0.0,0.0,90.0,0.0,0.0,0.5,0.0,0.5,0.0,0.5,0.0,0.0,0.0
19298,66,UNK,Matty Cash,254.0,3,1.0,0.0,2.0,3.0,1,0,23.0,10.0,5.0,2.0,84.66666666666667,0.3543307086614173,0.0,0.7086614173228346,1.062992125984252,0.3543307086614173,0.0,8.149606299212598,3.543307086614173,1.7716535433070866,0.7086614173228346
19170,66,UNK,Morgan Rogers,270.0,3,2.0,1.0,1.0,3.0,0,0,32.0,12.0,2.0,14.0,90.0,0.6666666666666666,0.3333333333333333,0.3333333333333333,1.0,0.0,0.0,10.666666666666666,4.0,0.6666666666666666,4.666666666666667
19366,66,UNK,Ollie Watkins,270.0,3,6.0,2.0,1.0,5.0,0,0,27.0,12.0,2.0,5.0,90.0,2.0,0.6666666666666666,0.3333333333333333,1.6666666666666667,0.0,0.0,9.0,4.0,0.6666666666666666,1.6666666666666667
46815,66,UNK,Pau Torres,106.0,2,0.0,0.0,0.0,0.0,0,0,10.0,5.0,3.0,1.0,53.0,0.0,0.0,0.0,0.0,0.0,0.0,8.49056603773585,4.245283018867925,2.547169811320755,0.8490566037735849
398004,66,UNK,Sam Proctor,0.0,0,0.0,0.0,0.0,0.0,0,0,0.0,0.0,0.0,0.0,0.0,0.0,0.0,0.0,0.0,0.0,0.0,0.0,0.0,0.0,0.0
162173,66,UNK,Samuel Iling Junior,0.0,0,0.0,0.0,0.0,0.0,0,0,0.0,0.0,0.0,0.0,0.0,0.0,0.0,0.0,0.0,0.0,0.0,0.0,0.0,0.0,0.0
308843,66,UNK,Travis Patterson,0.0,0,0.0,0.0,0.0,0.0,0,0,0.0,0.0,0.0,0.0,0.0,0.0,0.0,0.0,0.0,0.0,0.0,0.0,0.0,0.0,0.0
360269,66,,Triston Rowe,0.0,0,0.0,0.0,0.0,0.0,0,0,0.0,0.0,0.0,0.0,0.0,0.0,0.0,0.0,0.0,0.0,0.0,0.0,0.0,0.0,0.0
19179,66,UNK,Tyrone Mings,270.0,3,1.0,0.0,2.0,2.0,0,0,21.0,12.0,1.0,2.0,90.0,0.3333333333333333,0.0,0.6666666666666666,0.6666666666666666,0.0,0.0,7.0,4.0,0.3333333333333333,0.6666666666666666
2926,66,UNK,Youri Tielemans,270.0,3,4.0,1.0,5.0,3.0,0,0,22.0,10.0,4.0,2.0,90.0,1.3333333333333333,0.3333333333333333,1.6666666666666667,1.0,0.0,0.0,7.333333333333333,3.3333333333333335,1.3333333333333333,0.6666666666666666
19881,746,UNK,Anthony Patterson,0.0,0,0.0,0.0,0.0,0.0,0,0,0.0,0.0,0.0,0.0,0.0,0.0,0.0,0.0,0.0,0.0,0.0,0.0,0.0,0.0,0.0
18816,746,UNK,Arthur Masuaku,0.0,0,0.0,0.0,0.0,0.0,0,0,0.0,0.0,0.0,0.0,0.0,0.0,0.0,0.0,0.0,0.0,0.0,0.0,0.0,0.0,0.0
336659,746,UNK,Chemsdine Talbi,217.0,3,2.0,0.0,0.0,0.0,0,0,12.0,3.0,3.0,1.0,72.33333333333333,0.8294930875576036,0.0,0.0,0.0,0.0,0.0,4.976958525345622,1.2442396313364055,1.2442396313364055,0.4147465437788018
339201,746,UNK,Chris Rigg,1.0,1,0.0,0.0,0.0,0.0,0,0,0.0,0.0,0.0,0.0,1.0,0.0,0.0,0.0,0.0,0.0,0.0,0.0,0.0,0.0,0.0
19910,746,UNK,Dan Neil,0.0,0,0.0,0.0,0.0,0.0,0,0,0.0,0.0,0.0,0.0,0.0,0.0,0.0,0.0,0.0,0.0,0.0,0.0,0.0,0.0,0.0
55904,746,UNK,Daniel Ballard,99.0,2,4.0,2.0,0.0,4.0,0,0,14.0,11.0,1.0,0.0,49.5,3.6363636363636362,1.8181818181818181,0.0,3.6363636363636362,0.0,0.0,12.727272727272727,10.0,0.9090909090909091,0.0
349799,746,UNK,Eliezer Mayenda,204.0,3,2.0,2.0,3.0,2.0,0,0,25.0,7.0,1.0,3.0,68.0,0.8823529411764706,0.8823529411764706,1.3235294117647058,0.8823529411764706,0.0,0.0,11.029411764705882,3.088235294117647,0.4411764705882353,1.3235294117647058
20638,746,UNK,Enzo Le Fée,133.0,3,1.0,1.0,3.0,3.0,0,0,24.0,12.0,8.0,2.0,44.333333333333336,0.6766917293233082,0.6766917293233082,2.030075187969925,2.030075187969925,0.0,0.0,16.2406015037594,8.1203007518797,5.413533834586466,1.3533834586466165
1464,746,UNK,Granit Xhaka,270.0,3,1.0,0.0,4.0,4.0,1,0,34.0,18.0,4.0,0.0,90.0,0.3333333333333333,0.0,1.3333333333333333,1.3333333333333333,0.3333333333333333,0.0,11.333333333333334,6.0,1.3333333333333333,0.0
327631,746,UNK,Habib Diarra,257.0,3,5.0,1.0,1.0,1.0,1,0,14.0,5.0,1.0,3.0,85.66666666666667,1.7509727626459144,0.35019455252918286,0.35019455252918286,0.35019455252918286,0.35019455252918286,0.0,4.902723735408561,1.7509727626459144,0.35019455252918286,1.0505836575875487
330640,746,UNK,Harrison Jones,0.0,0,0.0,0.0,0.0,0.0,0,0,0.0,0.0,0.0,0.0,0.0,0.0,0.0,0.0,0.0,0.0,0.0,0.0,0.0,0.0,0.0
290545,746,UNK,Jenson Seelt,135.0,2,0.0,0.0,1.0,1.0,0,0,14.0,10.0,4.0,0.0,67.5,0.0,0.0,0.6666666666666666,0.6666666666666666,0.0,0.0,9.333333333333334,6.666666666666667,2.6666666666666665,0.0
392270,746,UNK,Marc Guiu,24.0,2,1.0,0.0,0.0,0.0,0,0,5.0,1.0,0.0,0.0,12.0,3.75,0.0,0.0,0.0,0.0,0.0,18.75,3.75,0.0,0.0
365331,746,UNK,Noah Sadiki,270.0,3,0.0,0.0,4.0,1.0,0,0,16.0,7.0,6.0,1.0,90.0,0.0,0.0,1.3333333333333333,0.3333333333333333,0.0,0.0,5.333333333333333,2.3333333333333335,2.0,0.3333333333333333
1146,746,UNK,Nordi Mukiele,90.0,1,1.0,0.0,0.0,2.0,0,0,16.0,12.0,5.0,0.0,90.0,1.0,0.0,0.0,2.0,0.0,0.0,16.0,12.0,5.0,0.0
6168,746,UNK,Omar Alderete,218.0,3,0.0,0.0,2.0,1.0,0,0,24.0,14.0,5.0,2.0,72.66666666666667,0.0,0.0,0.8256880733944955,0.41284403669724773,0.0,0.0,9.908256880733944,5.779816513761468,2.0642201834862384,0.8256880733944955
47521,746,UNK,Patrick Roberts,28.0,1,0.0,0.0,0.0,0.0,0,0,2.0,1.0,0.0,1.0,28.0,0.0,0.0,0.0,0.0,0.0,0.0,6.428571428571429,3.2142857142857144,0.0,3.2142857142857144
22225,746,UNK,Reinildo Mandava,270.0,3,0.0,0.0,2.0,7.0,1,0,32.0,23.0,10.0,1.0,90.0,0.0,0.0,0.6666666666666666,2.3333333333333335,0.3333333333333333,0.0,10.666666666666666,7.666666666666667,3.3333333333333335,0.3333333333333333
194536,746,UNK,Robin Roefs,270.0,3,0.0,0.0,0.0,0.0,0,0,3.0,2.0,0.0,0.0,90.0,0.0,0.0,0.0,0.0,0.0,0.0,1.0,0.6666666666666666,0.0,0.0
301771,746,UNK,Simon Adingra,164.0,3,1.0,0.0,3.0,1.0,1,0,18.0,5.0,2.0,4.0,54.666666666666664,0.5487804878048781,0.0,1.646341463414634,0.5487804878048781,0.5487804878048781,0.0,9.878048780487806,2.7439024390243905,1.0975609756097562,2.1951219512195124
119121,746,UNK,Trai Hume,270.0,3,0.0,0.0,1.0,2.0,0,0,33.0,21.0,8.0,2.0,90.0,0.0,0.0,0.3333333333333333,0.6666666666666666,0.0,0.0,11.0,7.0,2.6666666666666665,0.6666666666666666
84087,746,UNK,Wilson Isidor,68.0,3,4.0,3.0,0.0,0.0,0,0,9.0,3.0,2.0,3.0,22.666666666666668,5.294117647058823,3.9705882352941178,0.0,0.0,0.0,0.0,11.911764705882353,3.9705882352941178,2.6470588235294117,3.9705882352941178
